2.02.10;Polygon;-733711,-1049620.5|-733593,-1049515.5|-733793,-1049466.5|-733754,-1049616|-733930.5,-1049633|-733943.5,-1049574|-733843,-1049361.5|-733797.5,-1049348.5|-733706.5,-1049430|-733507,-1049535|-733530.5,-1049665|-733711,-1049620.5|*&
2.02.12;Polygon;-733924.5,-1049365.5|-733848.5,-1049265|-733713.5,-1049204.5|-733797.5,-1049348.5|-733843,-1049361.5|-733924.5,-1049365.5|*&
2.11.00;Polygon;-734538.5,-1052469.5|-734505.8099999987,-1052475.5300000012|-734507.9200000018,-1052602.4400000013|-734282.4800000004,-1052672.9299999997|-734053.120000001,-1052724.1600000001|-734093,-1052807|-733872,-1052886|-733792.5,-1052987|-733629,-1053025.5|-733442.5,-1053112.5|-733295.620000001,-1053086.789999999|-733282.5,-1053298.5|-733455,-1053366.5|-733509.5,-1053376.5|-733567.5,-1053280.5|-733719,-1053398|-733571,-1053444.5|-733574,-1053464.5|-733604,-1053668.5|-733697.5,-1053586|-733750,-1053708.8999999985|-733587,-1053926|-733512,-1054287|-733419.5,-1054377.5|-733199,-1054505.5|-733127.5,-1054617|-733187,-1054860.5|-733070.5,-1054946.5|-732826.5,-1054952.5|-732723,-1055038.5|-732818,-1055289.5|-733112.7699999996,-1055312.4400000013|-733122.2699999996,-1055315.710000001|-733136,-1055319.5|-733346.0500000007,-1055130.129999999|-733464.1499999985,-1055077.4100000001|-733651.5,-1055029.5|-733908.5399999991,-1055106.6400000006|-733995.6600000001,-1055084.7699999996|-734022.4100000001,-1054867.8900000006|-734111.3000000007,-1054860.4899999984|-734116.0700000003,-1054680.1700000018|-734121.1999999993,-1054512.2399999984|-733973.0300000012,-1054491.3399999999|-733982.4899999984,-1054411.0899999999|-734167.2699999996,-1054360.0700000003|-734306.3599999994,-1054115.6799999997|-734213.4200000018,-1054090.6600000001|-734248.370000001,-1053828.5199999996|-734381.8299999982,-1053815.8099999987|-734420.75,-1053742.7300000004|-734590.1600000001,-1053657.3200000003|-734659.4699999988,-1053635.1400000006|-734670.5799999982,-1053653.8900000006|-734677.0899999999,-1053674.6499999985|-734682.3500000015,-1053668.9299999997|-734723.4899999984,-1053649.9699999988|-734721.870000001,-1053620.9299999997|-734657.6900000013,-1053557.4400000013|-734608.5199999996,-1053435.4299999997|-734734.1999999993,-1053408.6600000001|-734693.75,-1053317.4400000013|-734700.370000001,-1053249.5899999999|-734743.3500000015,-1053062.3000000007|-734703,-1052857.5|-734797,-1052745|-734854.5,-1052605.5|-734937.5,-1052522|-734687.5,-1052522|-734650,-1052553.5|-734630,-1052509|-734538.5,-1052469.5|*-734586.5,-1052553|-734565.8200000003,-1052558.620000001|-734543.1999999993,-1052516.210000001|-734564.5,-1052525|-734567.5,-1052543|-734586.5,-1052553|*-734416.1499999985,-1052734.2699999996|-734403,-1052689|-734410.9499999993,-1052656.0300000012|-734417.7800000012,-1052660.1400000006|-734406.8299999982,-1052696.0599999987|-734416.1499999985,-1052734.2699999996|*-734569.7800000012,-1052885.4699999988|-734626.0500000007,-1052928.8500000015|-734648.879999999,-1052975.5199999996|-734666.2199999988,-1052981.4499999993|-734713.3099999987,-1053015.0700000003|-734702.7399999984,-1053021.1799999997|-734642.3299999982,-1052987.9200000018|-734620.0700000003,-1052941.129999999|-734590.1499999985,-1052921.4200000018|-734569.7800000012,-1052885.4699999988|*-734650.9800000004,-1053017.8900000006|-734643.1600000001,-1053048.870000001|-734558.6499999985,-1053017.9299999997|-734600.7800000012,-1053015.2199999988|-734640.7399999984,-1053039.9699999988|-734650.9800000004,-1053017.8900000006|*-734235.7800000012,-1052962.3200000003|-734240.4400000013,-1053067.8900000006|-734199.620000001,-1053057.2600000016|-734235.7800000012,-1052962.3200000003|*-734726.2300000004,-1053005.8900000006|-734662.6799999997,-1052944.1600000001|-734639.3000000007,-1052923.629999999|-734640.7899999991,-1052918.789999999|-734680.5599999987,-1052953.9400000013|-734730.8200000003,-1053003.5899999999|-734726.2300000004,-1053005.8900000006|*-734709.5799999982,-1053077.8500000015|-734688.1400000006,-1053081.5599999987|-734657.0500000007,-1053099.75|-734647.2600000016,-1053092.8999999985|-734677.1999999993,-1053082.9200000018|-734709.5799999982,-1053077.8500000015|*&
2.11.00;Polygon;-731450,-1052399.5|-731296.5,-1052487.5|-731372,-1052740|-731399,-1052868|-731515,-1052984.5|-731685,-1053231|-731633.5,-1053267|-731361,-1053088|-731212,-1053024.5|-731100,-1053028.5|-730926,-1053062|-730793,-1053163|-730650,-1053359.5|-730616.5,-1053460.5|-730669.5,-1053690|-730869,-1053811.5|-730930,-1054018|-731089,-1054229.5|-731075.5,-1054377.5|-730998.5,-1054489|-730759.5,-1054579|-730644.5,-1054734|-730662,-1054793.5|-731103.5,-1054799|-731207.5,-1054943|-731474,-1055123.5|-731559,-1055257|-731695.5,-1055339.5|-731850,-1055331|-731973,-1055385|-731996.3099999987,-1055458.7300000004|-732216.6900000013,-1055213.6000000015|-732240.7800000012,-1055255.9899999984|-731822.3900000006,-1055752.9899999984|-732017,-1055935|-732180,-1055942.5|-732228.5,-1055867.9899999984|-732467.5,-1055657.5|-732325,-1055567|-732245.0500000007,-1055440.1000000015|-732258.5,-1055258|-732321,-1055136.5|-732483,-1054999|-732382,-1054385.5|-732474.5,-1054178.5|-732437,-1053976.5|-732271.5,-1053728.5|-732214,-1053422.5|-731991.5,-1053535.5|-731883,-1053766.5|-731927.5,-1053931.5|-732123.5,-1054037.5|-732167.5,-1054252|-732094,-1054327|-731970,-1054279|-731749.5,-1054001.5|-731660,-1053800.5|-731518,-1053861.5|-731489,-1053750|-731642,-1053729.5|-731661,-1053586.5|-731850,-1053544.5|-731898.5,-1053382.5|-731974.5,-1053315|-731999,-1053076.5|-732056,-1053072.5|-732011,-1052969|-732021,-1052764.5|-732041.5,-1052686|-731873,-1052613|-731715.5,-1052516|-731567,-1052357.5|-731504,-1052287|-731450,-1052399.5|*-731317,-1054108.5|-731480.5,-1054107|-731545,-1054265.5|-731601,-1054344.5|-731759.5,-1054344.5|-731890.5,-1054453|-731871.5,-1054651|-731919.5,-1054747.5|-732043.5,-1054841.5|-732072.5,-1054922|-731950.5,-1055017.5|-731743.5,-1054887|-731592.8900000006,-1054614.710000001|-731561.5,-1054470|-731352,-1054486|-731175.5,-1054667.5|-731091,-1054050|-731158,-1053853.5|-731222,-1053840.5|-731317,-1054108.5|*-731699.5,-1054282.5|-731623.2899999991,-1054274.5|-731639.3299999982,-1054122.7800000012|-731833.5,-1054180|-731788.5,-1054297.5|-731699.5,-1054282.5|*&
2.11.00;Polygon;-732736,-1051716|-732675.5,-1051734.5|-732640.5,-1051939|-732481,-1052080.5|-732370,-1052232|-732398,-1052321|-732499.5,-1052382.5|-732640,-1052379|-732630,-1052526|-732393,-1052389|-732420,-1052551.5|-732384,-1052668.5|-732412.5,-1052885|-732445.5,-1053065|-732500,-1053149|-732679.5,-1053224.5|-732793.5,-1053015.5|-732875.5,-1052949.5|-732988.5,-1052951|-733118.5,-1053084|-733128,-1053207.5|-733221,-1053041.5|-733343,-1052976|-733545,-1052959|-733742.5,-1052935.4400000013|-733772.5,-1052710|-733919,-1052636.5|-734236.5,-1052611|-734305,-1052518.5|-734321,-1052160|-734193,-1052131|-733876,-1052200|-733766.5,-1052129|-733836.5,-1051988.5|-734127.5,-1051974|-734267,-1051927.5|-734447,-1051756|-734445.5,-1051657.5|-734308.5,-1051582.5|-734049,-1051560.5|-733939,-1051620|-733922.5,-1051483.5|-733452.5,-1051404|-733287,-1051423.5|-733145.5,-1051547|-732830.5,-1051747|-732736,-1051716|*-733252,-1052192|-733169.5,-1052253|-733109.5,-1052167.5|-733185,-1052092.5|-733252,-1052192|*-733178,-1052505|-733040,-1052502|-732955.5,-1052410.5|-733032,-1052317.5|-733139.5,-1052394|-733178,-1052505|*-733232.5,-1052526.5|-733416,-1052584|-733379.5,-1052682.5|-733218,-1052627.5|-733232.5,-1052526.5|*-732918,-1052666.5|-732949.5,-1052752|-732804,-1052924|-732689.5,-1052924|-732647,-1052830.5|-732682,-1052664|-732766,-1052610|-732918,-1052666.5|*&
2.11.00;Polygon;-733023,-1049670|-733107.5,-1049725.5|-733060.6400000006,-1049888.6000000015|-732954.6999999993,-1049982.3999999985|-732797.5300000012,-1050184.3999999985|-732791.5,-1050313.5|-732664,-1050380.5|-732521.5,-1050257.5|-732379,-1050216.5|-732052,-1050175|-731970.9400000013,-1050126.2800000012|-731934.5700000003,-1050196.8399999999|-731714.4800000004,-1050051.1499999985|-731575.0199999996,-1049989.6700000018|-731361,-1049980.5|-731267.5,-1050042.5|-731110.5,-1050009|-731098.0899999999,-1049918.7800000012|-731161,-1049698.5|-731137,-1049554|-730895.5,-1049575|-730789.5,-1049678|-730759.5,-1049950.5|-730835,-1050010|-730884,-1050159|-731050.5,-1050276|-731260.5,-1050474|-731101,-1050703.5|-730987.5,-1050700|-731013,-1050822|-730865.5,-1050917|-730913.5,-1050996.5|-730841.5,-1051442|-730639,-1051933.5|-730536.5,-1052053|-730592,-1052316.5|-730479,-1052407|-730578,-1052528|-730401,-1052673.5|-730397,-1052702|-730337.5,-1052782.5|-730200.25,-1052846.9499999993|-730271.3900000006,-1052946.0100000016|-729900.3599999994,-1053171.4899999984|-729690.4100000001,-1053428.0799999982|-729409.7600000016,-1053633.0199999996|-729359.0500000007,-1053690.1900000013|-729464.0399999991,-1053914.8599999994|-729487.5500000007,-1054018.5|-729614.1400000006,-1054091.0100000016|-729695.75,-1054057.4100000001|-729702.5599999987,-1054100.4499999993|-729655.8200000003,-1054150.0100000016|-729960.4299999997,-1054271.2800000012|-730212.25,-1054290.960000001|-730221.1000000015,-1054186.7300000004|-730393,-1054187.5899999999|-730412.5,-1054079|-730548,-1054143.5|-730701,-1054137.5|-730712.5,-1053900.5|-730615.8000000007,-1053895.9200000018|-730558.4699999988,-1053793.9899999984|-730548.8900000006,-1053786.8900000006|-730388,-1053796.5|-730248.0300000012,-1053931.3999999985|-730077.8500000015,-1053881.7199999988|-730120.370000001,-1053791.5599999987|-730260.8200000003,-1053770.5300000012|-730377.2800000012,-1053777.9400000013|-730385,-1053777|-730353.0799999982,-1053675.2699999996|-730327,-1053679.3200000003|-730273.2300000004,-1053592.0300000012|-730305.4100000001,-1053525.5|-730159.129999999,-1053455.129999999|-730118.3599999994,-1053374.6700000018|-730173.7399999984,-1053269.7399999984|-730349,-1053236.5|-730575,-1053117|-730662.5,-1052948|-730767,-1052882|-730996,-1052841|-731185.5,-1052734.5|-731093.9800000004,-1052473.7199999988|-731227,-1052437.5|-731350.120000001,-1052319.4400000013|-731286.1000000015,-1052155.8500000015|-731400,-1052140|-731544,-1052026.5|-731607,-1051754|-731725.5,-1051716.5|-731793,-1051579|-731960.5,-1051551|-732127,-1051584.5|-732287.5,-1051531|-732365,-1051377|-732380,-1051312|-732470.5,-1051499|-732506.5,-1051489|-732589.5,-1051328|-732724,-1051211|-732797,-1051097|-733134,-1050907|-733017,-1050753.5|-732648.5,-1050649.5|-732775,-1050598|-732932.5,-1050684.5|-733208.5,-1050655.5|-733293,-1050605|-733076,-1050572|-733025,-1050512|-733027.5,-1050397|-733173,-1050386|-733340.5,-1050461.5|-733368.5,-1050472.5|-733403.5,-1050469|-733367.5,-1050350|-733432,-1050297.5|-733633,-1050453|-733827,-1050475|-734015,-1050318|-733905.5,-1050257.5|-733726,-1050223|-733655,-1050094.5|-733790,-1049855|-733930.5,-1049633|-733754,-1049616|-733711,-1049620.5|-733530.5,-1049665|-733507,-1049535|-733706.5,-1049430|-733797.5,-1049348.5|-733713.5,-1049204.5|-733386.5,-1049193|-733285.5,-1049482.5|-733187.5,-1049595|-733023,-1049670|*-732316.5,-1051151.5|-732201,-1051164|-732001.5,-1050973|-732140,-1050884|-732304,-1050844|-732616,-1050856|-732791,-1050970.5|-732626.5,-1051084|-732316.5,-1051151.5|*&
2.11.10;Polygon;-733135.0599999987,-1055351.9200000018|-733146.629999999,-1055345.9800000004|-733124.5300000012,-1055326.7300000004|-733135.0599999987,-1055351.9200000018|*&
2.11.10;Polygon;-733346.0500000007,-1055130.129999999|-733136,-1055319.5|-733129.4100000001,-1055323.8599999994|-733232.5399999991,-1055363.2300000004|-733465.0500000007,-1055274.8399999999|-733346.0500000007,-1055130.129999999|*&
2.11.10;Polygon;-733464.1499999985,-1055077.4100000001|-733551.379999999,-1055195.7800000012|-733575.2800000012,-1055225.1099999994|-733582.4899999984,-1055237.8599999994|-733582.7699999996,-1055238.3500000015|-733593.1099999994,-1055228.3399999999|-733631.4800000004,-1055205.460000001|-733640,-1055200.5|-733666.7899999991,-1055202.3500000015|-733790.129999999,-1055150.9899999984|-733997.4499999993,-1055148.1499999985|-734137.6799999997,-1054859.5799999982|-734116.0700000003,-1054680.1700000018|-734111.3000000007,-1054860.4899999984|-734022.4100000001,-1054867.8900000006|-733995.6600000001,-1055084.7699999996|-733908.5399999991,-1055106.6400000006|-733651.5,-1055029.5|-733464.1499999985,-1055077.4100000001|*-733619.4699999988,-1055169.370000001|-733589.3200000003,-1055184.789999999|-733608.4600000009,-1055169.6700000018|-733619.4699999988,-1055169.370000001|*&
2.12.10;Polygon;-733346.0500000007,-1055130.129999999|-733465.0500000007,-1055274.8399999999|-733466.7899999991,-1055270.8999999985|-733551.379999999,-1055195.7800000012|-733464.1499999985,-1055077.4100000001|-733346.0500000007,-1055130.129999999|*&
2.14.00;Polygon;-732316.5,-1051151.5|-732626.5,-1051084|-732791,-1050970.5|-732616,-1050856|-732304,-1050844|-732140,-1050884|-732001.5,-1050973|-732201,-1051164|-732316.5,-1051151.5|*&
2.15.00;Polygon;-733129.4100000001,-1055323.8599999994|-733136,-1055319.5|-733122.2699999996,-1055315.710000001|-733129.4100000001,-1055323.8599999994|*&
2.15.00;Polygon;-736282.2899999991,-1054328.4800000004|-736381.8000000007,-1054414.9800000004|-736332.7100000009,-1054546.210000001|-736421.6400000006,-1054661.539999999|-736563.9699999988,-1054777.8200000003|-736594.5500000007,-1054871.7300000004|-736780.0500000007,-1054879.4800000004|-736866.5500000007,-1054991.9800000004|-736581.0500000007,-1054987.7300000004|-736451.1499999985,-1054834.8399999999|-736326.0399999991,-1054845.539999999|-736345.5500000007,-1054971.9800000004|-736249.5500000007,-1055064.9800000004|-735926.1499999985,-1055133.3900000006|-735938.4299999997,-1055195.5199999996|-736049.0500000007,-1055221.7300000004|-736158.0500000007,-1055352.7300000004|-736382.3000000007,-1055552.9800000004|-736398.9100000001,-1055692.4800000004|-736537.0500000007,-1055731.2300000004|-736606.0500000007,-1055816.4800000004|-736608.620000001,-1055998.8000000007|-736714.8599999994,-1056114.8000000007|-736769.1700000018,-1056121.1000000015|-736810.6000000015,-1056126.9899999984|-736850.1000000015,-1056162.8000000007|-737034.8099999987,-1056255.0799999982|-737375.8000000007,-1056322.0700000003|-737603.2800000012,-1056137.370000001|-737793.5300000012,-1056108.3399999999|-738087.9699999988,-1056123.460000001|-738205.6999999993,-1056047.5|-738007.0700000003,-1055940.8000000007|-737862.1900000013,-1055880.7399999984|-737748.1400000006,-1055675.3999999985|-737789.8399999999,-1055510.7600000016|-737712.8900000006,-1055480.2300000004|-737658.9800000004,-1055611.9899999984|-737501.3299999982,-1055553.3500000015|-737466.8000000007,-1055537.5199999996|-737372.0500000007,-1055624.4800000004|-737165.0500000007,-1055658.9800000004|-737068.5500000007,-1055597.9800000004|-737091.0500000007,-1055455.9800000004|-737275.120000001,-1055311.6700000018|-737391.1499999985,-1055065.9200000018|-737427.5899999999,-1054896.4899999984|-737427.1700000018,-1054400.9299999997|-737320.5500000007,-1054312.9800000004|-737263.9699999988,-1054378.5599999987|-737205.8099999987,-1054712.9699999988|-737167.0599999987,-1054810.9899999984|-736998.6499999985,-1054807.0700000003|-736662.0500000007,-1054670.9800000004|-736607.0500000007,-1054547.4800000004|-736682.0799999982,-1054491.3200000003|-736935.2800000012,-1054417.0899999999|-737077.5500000007,-1054286.9800000004|-736975.1499999985,-1054177.8000000007|-736811.4600000009,-1054101.3299999982|-736598.3000000007,-1054211.7300000004|-736282.2899999991,-1054328.4800000004|*-736819.6499999985,-1054403.6700000018|-736695.5500000007,-1054453.4800000004|-736661.5500000007,-1054290.7399999984|-736782.8000000007,-1054270.9800000004|-736819.6499999985,-1054403.6700000018|*-736543.9499999993,-1055122.3599999994|-736548.5500000007,-1055272.4800000004|-736686.5500000007,-1055339.9800000004|-736706.8000000007,-1055413.4800000004|-736586.0500000007,-1055514.9800000004|-736471.5500000007,-1055377.7300000004|-736356.3000000007,-1055314.7300000004|-736337.3000000007,-1055225.9800000004|-736525.5799999982,-1055099.7399999984|-736543.9499999993,-1055122.3599999994|*-737173.3099999987,-1056102.0799999982|-737110.8099999987,-1056179.5799999982|-737002.5599999987,-1056135.3299999982|-737092.3099999987,-1056045.3299999982|-737173.3099999987,-1056102.0799999982|*&
2.15.00;Polygon;-732214,-1053422.5|-732271.5,-1053728.5|-732437,-1053976.5|-732474.5,-1054178.5|-732382,-1054385.5|-732483,-1054999|-732321,-1055136.5|-732258.5,-1055258|-732245.0500000007,-1055440.1000000015|-732325,-1055567|-732467.5,-1055657.5|-732655.4600000009,-1055577.6700000018|-732764.8200000003,-1055433.5700000003|-733013.5799999982,-1055434.5199999996|-733133.879999999,-1055354.0100000016|-733135.0599999987,-1055351.9200000018|-733124.5300000012,-1055326.7300000004|-733112.7699999996,-1055312.4400000013|-732818,-1055289.5|-732723,-1055038.5|-732826.5,-1054952.5|-733070.5,-1054946.5|-733187,-1054860.5|-733127.5,-1054617|-733199,-1054505.5|-733419.5,-1054377.5|-733512,-1054287|-733587,-1053926|-733444,-1053944.5|-733203,-1054055.5|-733072,-1054084|-733014.5,-1054028.5|-733171.5,-1053959|-733234.5,-1053888|-733232,-1053613.5|-733310,-1053466.5|-733455,-1053366.5|-733282.5,-1053298.5|-733267,-1053390.5|-733164,-1053450.5|-733054,-1053338.5|-733015.0399999991,-1053391.4499999993|-732846,-1053362|-732707.5,-1053231.5|-732679.5,-1053224.5|-732500,-1053149|-732445.5,-1053065|-732412.5,-1052885|-732302,-1052771.5|-732116,-1052705|-732021,-1052764.5|-732011,-1052969|-732056,-1053072.5|-732191,-1053216|-732214,-1053422.5|*-732813,-1053957.5|-732673.5,-1053964|-732624,-1053878|-732689,-1053586.5|-732786.5,-1053577.5|-732863,-1053683|-732813,-1053957.5|*-732409.4100000001,-1055306.4299999997|-732349.2399999984,-1055356.1499999985|-732291.9299999997,-1055266.6999999993|-732353.6700000018,-1055231.8399999999|-732413.8399999999,-1055256.5199999996|-732409.4100000001,-1055306.4299999997|*&
2.22.10;Polygon;-733925.25,-1051353.6600000001|-733933.9400000013,-1051336.1400000006|-733760.5,-1051207.5|-733681.5,-1051095|-733747.5,-1050883.5|-733747.25,-1050753.5100000016|-733728,-1050745.5|-733697.5,-1050895.5|-733618.5,-1051017|-733688,-1051237.5|-733925.25,-1051353.6600000001|*&
2.26.01;Polygon;-734898.9499999993,-1055014.5599999987|-734999.4400000013,-1055031.210000001|-735060.3099999987,-1055158.4299999997|-735150.370000001,-1055093.4100000001|-734960.2600000016,-1054977.0300000012|-734936.0500000007,-1055003.379999999|-734898.9499999993,-1055014.5599999987|*&
2.26.01;Polygon;-735247.7800000012,-1054884.1099999994|-735143.4299999997,-1054909.6099999994|-735101.3000000007,-1054911.6999999993|-735194.1099999994,-1055026.8500000015|-735228.8500000015,-1055096.8299999982|-735248.7300000004,-1055164.9299999997|-735438.8900000006,-1055241.5899999999|-735555.9800000004,-1055220.3299999982|-735581.0500000007,-1055200.370000001|-735588.6799999997,-1055187.9699999988|-735592.9100000001,-1055165.3000000007|-735601.370000001,-1055143.4899999984|-735621.8900000006,-1055068.4699999988|-735654.2899999991,-1055022.4200000018|-735632.3099999987,-1054992.8000000007|-735500.0799999982,-1054933.789999999|-735473.2399999984,-1054892.9699999988|-735326.5100000016,-1054864.5799999982|-735247.7800000012,-1054884.1099999994|*&
2.26.01;Polygon;-734822.7399999984,-1055074.0500000007|-734859.4800000004,-1055028.4499999993|-734939.8299999982,-1054996.9200000018|-735006.5399999991,-1054901.8200000003|-734935.2199999988,-1054889.0300000012|-734803.1000000015,-1054976.5300000012|-734822.7399999984,-1055074.0500000007|*&
2.26.01;Polygon;-735883.6600000001,-1054819.6600000001|-735721.0700000003,-1055039.2600000016|-735871.3000000007,-1055140.7699999996|-735878.9899999984,-1055158.460000001|-735866.5100000016,-1055221.1099999994|-735825.8900000006,-1055285.2600000016|-735933.6499999985,-1055374.3500000015|-735856.9800000004,-1055422.3099999987|-735858.4200000018,-1055481|-735821.0700000003,-1055545.9699999988|-735701.6700000018,-1055498.7800000012|-735643.6900000013,-1055497.6099999994|-735532.4100000001,-1055458.5799999982|-735504.1099999994,-1055536.3599999994|-735838.7199999988,-1055612.6799999997|-735763.8399999999,-1055690.4899999984|-735692.870000001,-1055599.9100000001|-735507.3999999985,-1055546.8900000006|-735427.8000000007,-1055492.4299999997|-735345.129999999,-1055412.7699999996|-735223.8999999985,-1055240.8000000007|-735140.7199999988,-1055333.1799999997|-735019.4800000004,-1055261.1600000001|-734986.4699999988,-1055156.2699999996|-734892.2399999984,-1055100.370000001|-734746.5799999982,-1055116.3200000003|-734852.7899999991,-1055129.0799999982|-734945.9100000001,-1055177.3099999987|-734966.2899999991,-1055192.3399999999|-734972.9200000018,-1055241.5100000016|-735001.4600000009,-1055300.4400000013|-735040.5799999982,-1055356.789999999|-735188.2399999984,-1055386.0300000012|-735273.0899999999,-1055419.7699999996|-735289.25,-1055431.9699999988|-735287.6400000006,-1055442.370000001|-735277.1999999993,-1055474.1999999993|-735342.1999999993,-1055490.0899999999|-735373.6600000001,-1055490.3399999999|-735409.9899999984,-1055532.9800000004|-735446.4200000018,-1055560.0100000016|-735456.2199999988,-1055570.3599999994|-735464.25,-1055588.2300000004|-735545.3099999987,-1055656.5199999996|-735601.7899999991,-1055688.9100000001|-735688.75,-1055686.5199999996|-735709.7800000012,-1055686.5599999987|-735724.4200000018,-1055693.0300000012|-735720.5100000016,-1055706.1499999985|-735683.5599999987,-1055741.8200000003|-735644.1999999993,-1055839.5700000003|-735719.3500000015,-1055961.1700000018|-735469.5100000016,-1056191.6499999985|-735501.870000001,-1056280.1400000006|-735541.4600000009,-1056266.5500000007|-735584.8399999999,-1056238.1099999994|-735636.3099999987,-1056174.3299999982|-735852.1999999993,-1056053.9400000013|-735921.4499999993,-1055871.460000001|-735933.8399999999,-1055555.1000000015|-735954.8500000015,-1055392.0799999982|-735949.8999999985,-1055339.4899999984|-735938.4299999997,-1055195.5199999996|-735926.1499999985,-1055133.3900000006|-735922.4899999984,-1054876.6700000018|-735883.6600000001,-1054819.6600000001|*-735293.1999999993,-1055454.2300000004|-735301.2199999988,-1055441.5700000003|-735310.1700000018,-1055455.539999999|-735293.1999999993,-1055454.2300000004|*&
2.26.01;Polygon;-735364.7100000009,-1054870.6499999985|-735443.4100000001,-1054875.2699999996|-735476.2699999996,-1054891.289999999|-735515.9299999997,-1054939.3999999985|-735658.5899999999,-1054768.960000001|-735692.8599999994,-1054690.2399999984|-735593.7600000016,-1054639.6000000015|-735532.6099999994,-1054729.6700000018|-735364.7100000009,-1054870.6499999985|*&
2.26.01;Polygon;-736975.1499999985,-1054177.8000000007|-737077.5500000007,-1054286.9800000004|-736935.2800000012,-1054417.0899999999|-737078.5500000007,-1054454.4800000004|-737205.8099999987,-1054712.9699999988|-737263.9699999988,-1054378.5599999987|-737320.5500000007,-1054312.9800000004|-737427.1700000018,-1054400.9299999997|-737390.5100000016,-1054240.0100000016|-737226.5500000007,-1054119.2300000004|-737009.5500000007,-1054126.9800000004|-736975.1499999985,-1054177.8000000007|*&
2.26.01;Polygon;-734618.4699999988,-1054586.7800000012|-734601.1099999994,-1054608.0500000007|-734556.3299999982,-1054625.5199999996|-734496.9299999997,-1054635.129999999|-734457.8299999982,-1054841.289999999|-734596.4400000013,-1054944.0300000012|-734794.8999999985,-1054969.9699999988|-734949.5599999987,-1054869.210000001|-735038.5100000016,-1054837.8099999987|-735092.379999999,-1054901.8200000003|-735128.9200000018,-1054909.8599999994|-735328.5500000007,-1054859.5599999987|-735530.9699999988,-1054726.5300000012|-735594.4200000018,-1054636.4699999988|-735696.0399999991,-1054690.0599999987|-735655.7300000004,-1054783.129999999|-735884.5799999982,-1054811.9200000018|-735914.25,-1054776.2800000012|-736016.0599999987,-1054766.4699999988|-735967.0500000007,-1054600.9800000004|-735872.5500000007,-1054539.2300000004|-735640.3999999985,-1054502.0799999982|-735613.3099999987,-1054506.6000000015|-735472.3099999987,-1054549.5300000012|-735029.5500000007,-1054485.9800000004|-734927.4600000009,-1054502.6700000018|-734863.8900000006,-1054423.6099999994|-734989.7699999996,-1054277.7699999996|-734942.4400000013,-1054143.8500000015|-734714.379999999,-1053948.7300000004|-734650.8000000007,-1054086.4100000001|-734517.2300000004,-1054132.0700000003|-734567.1499999985,-1054350.370000001|-734646.2100000009,-1054430.0899999999|-734618.4699999988,-1054586.7800000012|*&
2.26.01;Polygon;-735606.0799999982,-1054420.8500000015|-735644.8599999994,-1054463.4200000018|-735934.0500000007,-1054530.9800000004|-736052.0500000007,-1054635.2300000004|-736321.5500000007,-1054630.4800000004|-736421.6400000006,-1054661.539999999|-736332.7100000009,-1054546.210000001|-736176.5500000007,-1054591.4800000004|-735996.9100000001,-1054438.4100000001|-736022.0500000007,-1054310.9800000004|-736282.2899999991,-1054328.4800000004|-736598.3000000007,-1054211.7300000004|-736811.4600000009,-1054101.3299999982|-736754.379999999,-1054084.3000000007|-736649.0500000007,-1054136.4800000004|-736453.9699999988,-1053910.7800000012|-736168.2300000004,-1053683.8000000007|-736049.1000000015,-1053691.8399999999|-735950.9100000001,-1053604.9200000018|-735844.9899999984,-1053643.5799999982|-735725.6499999985,-1053788.1900000013|-735488.879999999,-1053992.7399999984|-735356.0500000007,-1054053.4800000004|-735374.0500000007,-1054159.4800000004|-735594.8000000007,-1054339.4800000004|-735606.0799999982,-1054420.8500000015|*&
2.26.01;Polygon;-734840.25,-1053301.3900000006|-734879.2899999991,-1053369.7600000016|-734914.6700000018,-1053612.2300000004|-735131.6799999997,-1053761.9400000013|-735250.75,-1053775.7399999984|-735346.9600000009,-1053649.3299999982|-735200.2800000012,-1053500.0599999987|-735282.0599999987,-1053357.3000000007|-735142.4600000009,-1053309.3599999994|-734840.25,-1053301.3900000006|*&
2.26.01;Polygon;-734732.120000001,-1053421.5300000012|-734798.5,-1053367.539999999|-734701.5,-1053312.8299999982|-734765.1700000018,-1053353.0700000003|-734732.120000001,-1053421.5300000012|*&
2.26.01;Polygon;-733571,-1053444.5|-733719,-1053398|-733567.5,-1053280.5|-733509.5,-1053376.5|-733571,-1053444.5|*&
2.26.01;Polygon;-733069,-1053318.5|-733128,-1053207.5|-733118.5,-1053084|-732988.5,-1052951|-732875.5,-1052949.5|-732793.5,-1053015.5|-732679.5,-1053224.5|-732707.5,-1053231.5|-732977,-1053269|-733069,-1053318.5|*&
2.26.01;Polygon;-735888.2399999984,-1053447.6600000001|-735994.370000001,-1053474.5199999996|-736261.6000000015,-1053691.8399999999|-736205.25,-1053471.3000000007|-736292.1799999997,-1053373.1000000015|-736660.0199999996,-1053347.3500000015|-736895.0500000007,-1053192.8099999987|-737019.0100000016,-1053057.5899999999|-737059,-1052920|-736969.5,-1052801.5|-736834.5,-1052750.5|-736707.5,-1052755|-736501.5,-1052831.5|-736216,-1052882|-736089.5,-1052956|-735888.2399999984,-1053447.6600000001|*-736347.7199999988,-1053289.3999999985|-736227.7899999991,-1053258.8099999987|-736373.4800000004,-1053138.0799999982|-736434.6499999985,-1053200.8599999994|-736347.7199999988,-1053289.3999999985|*&
2.26.01;Polygon;-734743.3500000015,-1053062.3000000007|-734708.9899999984,-1053253.1900000013|-734813.6000000015,-1053295.370000001|-735084.0300000012,-1053260.4200000018|-735129.1099999994,-1053221.7800000012|-735209,-1052965|-735348.75,-1053004.6999999993|-735159.5,-1052879.5|-735173.5,-1052685|-735141,-1052567|-735039.5,-1052545|-734937.5,-1052522|-734854.5,-1052605.5|-734797,-1052745|-734703,-1052857.5|-734743.3500000015,-1053062.3000000007|*&
2.26.01;Polygon;-731873,-1052613|-731770,-1052394|-731813,-1052180.5|-731567,-1052357.5|-731715.5,-1052516|-731873,-1052613|*&
2.26.01;Polygon;-733876,-1052200|-733872.5,-1052074.5|-734018,-1052039|-734195.5,-1052063|-734267,-1051927.5|-734127.5,-1051974|-733836.5,-1051988.5|-733766.5,-1052129|-733876,-1052200|*&
2.26.01;Polygon;-732092.5,-1052080.5|-732269,-1052327|-732393,-1052389|-732630,-1052526|-732640,-1052379|-732499.5,-1052382.5|-732398,-1052321|-732370,-1052232|-732481,-1052080.5|-732640.5,-1051939|-732675.5,-1051734.5|-732593,-1051753|-732185,-1051937.5|-732092.5,-1052080.5|*&
2.26.01;Polygon;-734049,-1051560.5|-733958.2399999984,-1051492.039999999|-733922.5,-1051483.5|-733939,-1051620|-734049,-1051560.5|*&
2.26.01;Polygon;-736773.3999999985,-1051677.6900000013|-736835,-1051651|-737080.5,-1051638.5|-737126,-1051918.5|-737438,-1051976|-737547,-1051708.5|-737568.5,-1051521|-737539,-1051372|-737213.5,-1051301.5|-736923.5,-1051226|-736778,-1051365|-736817,-1051528|-736773.3999999985,-1051677.6900000013|*&
2.26.01;Polygon;-733933.9400000013,-1051336.1400000006|-734174.379999999,-1051441.129999999|-734304.5,-1051484.5|-734507.5399999991,-1051523.6999999993|-734544,-1051498|-734607.6099999994,-1051583.3999999985|-734703.8999999985,-1051665.0500000007|-734654.7699999996,-1051800.539999999|-734521.5,-1051844.5|-734511,-1051851|-734504.5,-1052146|-734461.5599999987,-1052331.6600000001|-734548.3200000003,-1052464.8200000003|-734624,-1052489|-734779,-1052454|-735239,-1052446|-735465,-1052427.5|-735477.5,-1052509|-735261.5,-1052563.5|-735260.5,-1052620|-735388,-1052893.5|-735387.5,-1052984.5|-735524,-1052744.5|-735789,-1052684.5|-735906,-1052599.5|-736155.5,-1052554.5|-736256,-1052480.5|-736412,-1052493.5|-736524,-1052558|-736706.5,-1052498.5|-736777.3099999987,-1052534.0100000016|-736869.0199999996,-1052480.4899999984|-736969.5,-1052481.5|-737113.5,-1052563|-737089.5,-1052397.5|-737191,-1052325.5|-737447,-1052073|-737379.5,-1052060.5|-737373.8099999987,-1052067.9699999988|-737269,-1052071|-736953.5,-1051937|-736849.5,-1052060.5|-736729,-1052084|-736684,-1052018.5|-736722,-1051816|-736679,-1051922.5|-736568.5,-1052010.5|-736421.5,-1052035|-736253.5,-1052003|-736060.3200000003,-1051833.0799999982|-735703,-1051837.5|-735632.5,-1051780|-735395,-1051687.5|-735340.5,-1051735|-735097,-1051707|-735022,-1051574.5|-734848.3200000003,-1051567.5100000016|-734645,-1051513.5|-734445,-1051249|-734275,-1051275.5|-734197,-1051216|-734221,-1051043|-733747.25,-1050753.5100000016|-733747.5,-1050883.5|-733681.5,-1051095|-733760.5,-1051207.5|-733933.9400000013,-1051336.1400000006|*-735143,-1051839|-735216.5,-1051902.5|-735160,-1052005|-735000,-1052016|-734895.5,-1051926.5|-734985.5,-1051836|-735143,-1051839|*-734735.8000000007,-1052019.879999999|-734751.5,-1052100.4800000004|-734718.5,-1052114.5|-734702.7199999988,-1052023.1900000013|-734735.8000000007,-1052019.879999999|*&
2.26.01;Polygon;-734941.5,-1051209.5|-734922,-1051107.5|-734651,-1050985|-734469,-1050864.5|-734485.5,-1050707|-734457.4899999984,-1050512.5100000016|-734337,-1050613|-734140,-1050732|-734192,-1050846|-734418,-1051012|-734625.5,-1051129|-734941.5,-1051209.5|*&
2.26.01;Polygon;-733403.5,-1050469|-733609,-1050555|-733757.7300000004,-1050544.7800000012|-733827,-1050475|-733633,-1050453|-733432,-1050297.5|-733367.5,-1050350|-733403.5,-1050469|*&
2.26.01;Polygon;-734897,-1050061|-734775,-1050187|-734795,-1050259.5|-734854.5,-1050311.5|-734819,-1050438|-734808.5,-1050560|-734624.5,-1050575.5|-734588.5,-1050680|-734671,-1050747.5|-734745.7899999991,-1050652.4200000018|-734820.25,-1050728.3999999985|-734937.0599999987,-1050815.4499999993|-735027.0199999996,-1050959.4299999997|-735150,-1050922|-735142,-1050885|-735034,-1050845|-735010.5,-1050705.5|-734890,-1050501|-734894,-1050367.5|-734971,-1050306|-734950,-1050211.5|-735034.6700000018,-1050137.710000001|-734896,-1050006|-734897,-1050061|*&
2.26.04;Polygon;-731660,-1053800.5|-731642,-1053729.5|-731489,-1053750|-731518,-1053861.5|-731660,-1053800.5|*&
2.26.04;Polygon;-733171.5,-1053959|-733203,-1054055.5|-733444,-1053944.5|-733587,-1053926|-733750,-1053708.8999999985|-733697.5,-1053586|-733604,-1053668.5|-733514,-1053698.5|-733421,-1053638.5|-733339.5,-1053587.5|-733310,-1053466.5|-733232,-1053613.5|-733234.5,-1053888|-733171.5,-1053959|*&
2.26.04;Polygon;-734693.75,-1053317.4400000013|-734701.5,-1053312.8299999982|-734798.5,-1053367.539999999|-734732.120000001,-1053421.5300000012|-734734.1999999993,-1053408.6600000001|-734608.5199999996,-1053435.4299999997|-734657.6900000013,-1053557.4400000013|-734688.2100000009,-1053575.7300000004|-734721.870000001,-1053620.9299999997|-734723.4899999984,-1053649.9699999988|-734677.0899999999,-1053674.6499999985|-734670.5799999982,-1053653.8900000006|-734590.1600000001,-1053657.3200000003|-734420.75,-1053742.7300000004|-734381.8299999982,-1053815.8099999987|-734248.370000001,-1053828.5199999996|-734213.4200000018,-1054090.6600000001|-734306.3599999994,-1054115.6799999997|-734167.2699999996,-1054360.0700000003|-733982.4899999984,-1054411.0899999999|-733973.0300000012,-1054491.3399999999|-734202.8099999987,-1054401.710000001|-734240.1099999994,-1054295.4499999993|-734360.9800000004,-1054177.6900000013|-734350.370000001,-1054030.7399999984|-734461.8200000003,-1053964.1799999997|-734517.2300000004,-1054132.0700000003|-734650.8000000007,-1054086.4100000001|-734714.379999999,-1053948.7300000004|-734942.4400000013,-1054143.8500000015|-734989.7699999996,-1054277.7699999996|-735192.5500000007,-1054209.7300000004|-735464.0500000007,-1054378.7300000004|-735545.8399999999,-1054459.1999999993|-735606.0799999982,-1054420.8500000015|-735594.8000000007,-1054339.4800000004|-735374.0500000007,-1054159.4800000004|-735356.0500000007,-1054053.4800000004|-735488.879999999,-1053992.7399999984|-735725.6499999985,-1053788.1900000013|-735844.9899999984,-1053643.5799999982|-735738.4499999993,-1053678.7600000016|-735578.0300000012,-1053656.25|-735452.2300000004,-1053619.129999999|-735400.4600000009,-1053451.7399999984|-735282.0599999987,-1053357.3000000007|-735200.2800000012,-1053500.0599999987|-735346.9600000009,-1053649.3299999982|-735250.75,-1053775.7399999984|-735131.6799999997,-1053761.9400000013|-734914.6700000018,-1053612.2300000004|-734879.2899999991,-1053369.7600000016|-734840.25,-1053301.3900000006|-734813.6000000015,-1053295.370000001|-734708.9899999984,-1053253.1900000013|-734700.370000001,-1053249.5899999999|-734693.75,-1053317.4400000013|*-734781.6000000015,-1053719.6400000006|-734773.1600000001,-1053742.879999999|-734765.4899999984,-1053743.4800000004|-734780,-1053703.8399999999|-734796.4299999997,-1053682.3500000015|-734801.3900000006,-1053687.3099999987|-734784.3200000003,-1053707.620000001|-734781.6000000015,-1053719.6400000006|*-734883.6999999993,-1053758.1799999997|-734901.8099999987,-1053737.8599999994|-734918.5500000007,-1053765.4699999988|-734883.6999999993,-1053758.1799999997|*&
2.26.04;Polygon;-737661,-1053168.5100000016|-737453.6499999985,-1053142.9100000001|-737470.5,-1052923|-737303.5,-1052975|-737279.7899999991,-1053073.6799999997|-737336.129999999,-1053194.4200000018|-737546.629999999,-1053219.5700000003|-737661,-1053168.5100000016|*&
2.26.04;Polygon;-732041.5,-1052686|-732069.5,-1052482.5|-732154.5,-1052342|-732046,-1052219|-732018.9699999988,-1052122.9699999988|-731875,-1052129|-731813,-1052180.5|-731770,-1052394|-731873,-1052613|-732041.5,-1052686|*&
2.26.04;Polygon;-735395,-1051687.5|-735109.5,-1051579.5|-735022,-1051574.5|-735097,-1051707|-735340.5,-1051735|-735395,-1051687.5|*&
2.26.04;Polygon;-732724,-1051639|-732736,-1051716|-732830.5,-1051747|-733145.5,-1051547|-733160,-1051439.5|-733127,-1051396|-733088.5,-1051527.5|-732954,-1051532.5|-732724,-1051639|*&
2.26.04;Polygon;-732797,-1051097|-732897,-1051069|-733290.5,-1051073.5|-733394,-1050961|-733385,-1050886|-733017,-1050753.5|-733134,-1050907|-732797,-1051097|*&
2.26.04;Polygon;-734252.0300000012,-1050622.8599999994|-734220.6600000001,-1050623.5700000003|-734099.5,-1050702.5|-733959,-1050722.5|-733772,-1050663|-733762,-1050674|-733728,-1050745.5|-733747.25,-1050753.5100000016|-734221,-1051043|-734445,-1051249|-734645,-1051513.5|-734848.3200000003,-1051567.5100000016|-734941.5,-1051209.5|-734625.5,-1051129|-734418,-1051012|-734192,-1050846|-734140,-1050732|-734337,-1050613|-734252.0300000012,-1050622.8599999994|*&
2.26.04;Polygon;-734560.5,-1050079|-734615.5,-1050280.5|-734568,-1050375|-734624.5,-1050575.5|-734808.5,-1050560|-734819,-1050438|-734697,-1050332|-734795,-1050259.5|-734775,-1050187|-734897,-1050061|-734707.629999999,-1050030.7399999984|-734560.5,-1050079|*&
2.26.04;Polygon;-733790,-1049855|-733655,-1050094.5|-733726,-1050223|-733905.5,-1050257.5|-734015,-1050318|-734037.5,-1050300|-733926,-1050082|-733884.5,-1049923|-733790,-1049855|*&
2.26.11;Polygon;-732071.5,-1052007|-732092.5,-1052080.5|-732185,-1051937.5|-732593,-1051753|-732675.5,-1051734.5|-732736,-1051716|-732724,-1051639|-732120.5,-1051867.5|-732071.5,-1052007|*&
2.26.11;Polygon;-731793,-1051579|-732015.5,-1051769.5|-732033,-1051772|-732081,-1051776.5|-732248.5,-1051640|-732370,-1051479.5|-732397.5,-1051413|-732365,-1051377|-732287.5,-1051531|-732127,-1051584.5|-731960.5,-1051551|-731793,-1051579|*&
2.26.11;Polygon;-732948.3200000003,-1051306.7600000016|-733026.2600000016,-1051207.9899999984|-732971.4400000013,-1051205.2800000012|-732948.3200000003,-1051306.7600000016|*&
2.26.11;Polygon;-733160,-1051439.5|-733145.5,-1051547|-733287,-1051423.5|-733452.5,-1051404|-733922.5,-1051483.5|-733958.2399999984,-1051492.039999999|-733938.5,-1051449|-733723,-1051377.5|-733623.5,-1051272.5|-733560,-1051207|-733466,-1051221|-733462.8900000006,-1051147.1999999993|-733334.1900000013,-1051260.1900000013|-733054.5,-1051278.5|-733160,-1051439.5|*&
2.26.11;Polygon;-733370,-1050576|-733471.5,-1050601.5|-733609,-1050555|-733403.5,-1050469|-733368.5,-1050472.5|-733370,-1050576|*&
2.26.11;Polygon;-734896,-1050006|-735034.6700000018,-1050137.710000001|-735190,-1049918|-735198,-1049752|-734987.5,-1049899|-734896,-1050006|*&
2.26.11;Polygon;-735775.0500000007,-1049475.210000001|-735801.6999999993,-1049357.379999999|-735686.3299999982,-1049367.1799999997|-735687.4400000013,-1049422.789999999|-735775.0500000007,-1049475.210000001|*&
2.26.11;Polygon;-733924.5,-1049365.5|-733843,-1049361.5|-733943.5,-1049574|-733930.5,-1049633|-733790,-1049855|-733884.5,-1049923|-733926,-1050082|-734037.5,-1050300|-734102.5,-1050263.5|-734218,-1050068.5|-734260,-1050021|-734320,-1049788.5|-734338.5,-1049712.5|-734097,-1049713|-734011.5,-1049622.5|-734094.5,-1049519|-734404,-1049576|-734401,-1049689|-734480.1700000018,-1049792.379999999|-734668,-1049824.5|-734698.5,-1049703.5|-734431.8900000006,-1049484.0300000012|-734429.2199999988,-1049322.3200000003|-734195,-1049308|-733924.5,-1049365.5|*&
2.26.14;Polygon;-733876,-1052200|-734193,-1052131|-734321,-1052160|-734305,-1052518.5|-734236.5,-1052611|-733919,-1052636.5|-733772.5,-1052710|-733862.4699999988,-1052795.7199999988|-734053.120000001,-1052724.1600000001|-734282.4800000004,-1052672.9299999997|-734383,-1052599|-734345,-1052355|-734367,-1052116|-734195.5,-1052063|-734018,-1052039|-733872.5,-1052074.5|-733876,-1052200|*&
2.26.14;Polygon;-731504,-1052287|-731567,-1052357.5|-731813,-1052180.5|-731875,-1052129|-732018.9699999988,-1052122.9699999988|-732028,-1052045.5|-731973.5,-1052024.5|-731756,-1052088|-731504,-1052287|*&
2.26.14;Polygon;-731544,-1052026.5|-731851.5,-1051897.5|-732015.5,-1051769.5|-731793,-1051579|-731725.5,-1051716.5|-731607,-1051754|-731544,-1052026.5|*&
2.26.14;Polygon;-736060.3200000003,-1051833.0799999982|-736253.5,-1052003|-736421.5,-1052035|-736568.5,-1052010.5|-736679,-1051922.5|-736722,-1051816|-736737,-1051760.5|-736773.3999999985,-1051677.6900000013|-736817,-1051528|-736778,-1051365|-736923.5,-1051226|-736921.5,-1051202.5|-736412,-1050994|-736014,-1050986|-735997,-1051239|-736299.6799999997,-1051278.5300000012|-736400.1499999985,-1051404.6999999993|-736338.9899999984,-1051648.8599999994|-736252.5399999991,-1051802.1900000013|-736060.3200000003,-1051833.0799999982|*&
2.26.14;Polygon;-733017,-1050753.5|-733385,-1050886|-733394,-1050961|-733290.5,-1051073.5|-732897,-1051069|-732797,-1051097|-732724,-1051211|-732589.5,-1051328|-732506.5,-1051489|-732656.5,-1051463|-732756,-1051336|-732894,-1051304|-732928,-1051230|-732973.629999999,-1051153.0599999987|-733196.5,-1051128|-733352,-1051065.5|-733525,-1050931|-733502,-1050716|-733334,-1050630|-733208.5,-1050655.5|-732932.5,-1050684.5|-732775,-1050598|-732648.5,-1050649.5|-733017,-1050753.5|*&
2.26.14;Polygon;-733025,-1050512|-733282,-1050550.5|-733340.5,-1050461.5|-733173,-1050386|-733027.5,-1050397|-733025,-1050512|*&
2.26.14;Polygon;-734337,-1050613|-734457.4899999984,-1050512.5100000016|-734546.5,-1050302|-734481,-1050160|-734469,-1050142|-734390,-1050093|-734357,-1050237.5|-734291,-1050386|-734252.0300000012,-1050622.8599999994|-734337,-1050613|*&
2.26.14;Polygon;-735198,-1049752|-735190,-1049918|-735034.6700000018,-1050137.710000001|-734950,-1050211.5|-734971,-1050306|-734894,-1050367.5|-734890,-1050501|-735010.5,-1050705.5|-735034,-1050845|-735142,-1050885|-735239,-1050844|-735265,-1050799|-735362,-1050712|-735605,-1050594|-735610,-1050411|-735685,-1050266|-735807.5,-1050298.5|-736126.5,-1050327.5|-736285.5,-1050423.5|-736426,-1050063.5|-735828,-1049874|-735886,-1049611|-736163,-1049575.5|-735729.0399999991,-1049503.9800000004|-735620.8500000015,-1049397.120000001|-735577.4600000009,-1049380.7800000012|-735259.1999999993,-1049362.6000000015|-735273.5,-1049584.5|-735198,-1049752|*&
2.26.51;Polygon;-734987.5,-1049899|-735198,-1049752|-735137,-1049677|-734990.0100000016,-1049616.0300000012|-734883.5,-1049664.5|-734987.5,-1049899|*&
2.37.15;Polygon;-733203,-1054055.5|-733171.5,-1053959|-733014.5,-1054028.5|-733072,-1054084|-733203,-1054055.5|*&
2.37.16;Polygon;-736563.9699999988,-1054777.8200000003|-736451.1499999985,-1054834.8399999999|-736581.0500000007,-1054987.7300000004|-736866.5500000007,-1054991.9800000004|-736780.0500000007,-1054879.4800000004|-736594.5500000007,-1054871.7300000004|-736563.9699999988,-1054777.8200000003|*&
2.37.16;Polygon;-735914.25,-1054776.2800000012|-735883.6600000001,-1054819.6600000001|-735922.4899999984,-1054876.6700000018|-735926.1499999985,-1055133.3900000006|-736249.5500000007,-1055064.9800000004|-736345.5500000007,-1054971.9800000004|-736326.0399999991,-1054845.539999999|-736016.0599999987,-1054766.4699999988|-735914.25,-1054776.2800000012|*&
2.37.16;Polygon;-736332.7100000009,-1054546.210000001|-736381.8000000007,-1054414.9800000004|-736282.2899999991,-1054328.4800000004|-736022.0500000007,-1054310.9800000004|-735996.9100000001,-1054438.4100000001|-736176.5500000007,-1054591.4800000004|-736332.7100000009,-1054546.210000001|*&
2.37.16;Polygon;-735613.3099999987,-1054506.6000000015|-735545.8399999999,-1054459.1999999993|-735464.0500000007,-1054378.7300000004|-735192.5500000007,-1054209.7300000004|-734989.7699999996,-1054277.7699999996|-734863.8900000006,-1054423.6099999994|-734927.4600000009,-1054502.6700000018|-735029.5500000007,-1054485.9800000004|-735472.3099999987,-1054549.5300000012|-735613.3099999987,-1054506.6000000015|*&
2.37.16;Polygon;-733421,-1053638.5|-733574,-1053464.5|-733571,-1053444.5|-733509.5,-1053376.5|-733455,-1053366.5|-733310,-1053466.5|-733339.5,-1053587.5|-733421,-1053638.5|*&
2.37.16;Polygon;-733054,-1053338.5|-733069,-1053318.5|-732977,-1053269|-732707.5,-1053231.5|-732846,-1053362|-733015.0399999991,-1053391.4499999993|-733054,-1053338.5|*&
2.37.16;Polygon;-737333.6000000015,-1053354.0899999999|-737384.1999999993,-1053365.7300000004|-737620.1999999993,-1053305.5300000012|-737661,-1053168.5100000016|-737546.629999999,-1053219.5700000003|-737336.129999999,-1053194.4200000018|-737279.7899999991,-1053073.6799999997|-737303.5,-1052975|-737470.5,-1052923|-737478.4699999988,-1052919.4299999997|-737505.2899999991,-1052907.4400000013|-737519,-1052820|-737378.5,-1052676.5|-737277.5,-1052678|-737270.5,-1052681|-737147,-1052803|-737141.3500000015,-1053131.6400000006|-737168.7199999988,-1053236.2699999996|-737333.6000000015,-1053354.0899999999|*&
2.37.16;Polygon;-737113.5,-1052563|-737267,-1052547.5|-737313.0899999999,-1052538.4699999988|-737499,-1052542|-737549.5,-1052466|-737650,-1052329|-737732.0599999987,-1052294.1600000001|-737759.620000001,-1052147.0599999987|-737447,-1052073|-737191,-1052325.5|-737089.5,-1052397.5|-737113.5,-1052563|*&
2.37.16;Polygon;-733462.8900000006,-1051147.1999999993|-733466,-1051221|-733560,-1051207|-733462.8900000006,-1051147.1999999993|*&
2.37.16;Polygon;-733208.5,-1050655.5|-733334,-1050630|-733293,-1050605|-733208.5,-1050655.5|*&
2.37.16;Polygon;-733370,-1050576|-733368.5,-1050472.5|-733340.5,-1050461.5|-733282,-1050550.5|-733370,-1050576|*&
2.37.16;Polygon;-734338.5,-1049712.5|-734359,-1049704.5|-734401,-1049689|-734404,-1049576|-734094.5,-1049519|-734011.5,-1049622.5|-734097,-1049713|-734338.5,-1049712.5|*&
2.37.46;Polygon;-732506.5,-1051489|-732470.5,-1051499|-732459,-1051502|-732444,-1051517.5|-732782,-1051520|-732909.8599999994,-1051439.9800000004|-732894,-1051304|-732756,-1051336|-732656.5,-1051463|-732506.5,-1051489|*&
2.37.46;Polygon;-734015,-1050318|-733827,-1050475|-733757.7300000004,-1050544.7800000012|-733952,-1050583|-734010.4499999993,-1050566.8900000006|-734099.6700000018,-1050490.4499999993|-734184,-1050319|-734218,-1050068.5|-734102.5,-1050263.5|-734037.5,-1050300|-734015,-1050318|*&
2.38.16;Polygon;-733142.9299999997,-1055404.629999999|-733200.2100000009,-1055387.4899999984|-733176.0300000012,-1055388.3299999982|-733142.9299999997,-1055404.629999999|*&
2.38.16;Polygon;-732924.870000001,-1055678.8999999985|-733021.5599999987,-1055640.5199999996|-733095.2199999988,-1055497.5899999999|-733132.7800000012,-1055408.6900000013|-733146.629999999,-1055345.9800000004|-733135.0599999987,-1055351.9200000018|-733133.879999999,-1055354.0100000016|-732910.8299999982,-1055592.6400000006|-732923.0500000007,-1055672.4200000018|-732924.870000001,-1055678.8999999985|*&
2.38.16;Polygon;-733551.379999999,-1055195.7800000012|-733466.7899999991,-1055270.8999999985|-733575.2800000012,-1055225.1099999994|-733551.379999999,-1055195.7800000012|*&
2.38.46;Polygon;-733466.7899999991,-1055270.8999999985|-733465.0500000007,-1055274.8399999999|-733232.5399999991,-1055363.2300000004|-733200.2100000009,-1055387.4899999984|-733142.9299999997,-1055404.629999999|-733132.7800000012,-1055408.6900000013|-733095.2199999988,-1055497.5899999999|-733146.4100000001,-1055443.2399999984|-733292.8999999985,-1055405.1000000015|-733364.7199999988,-1055327.289999999|-733543.2899999991,-1055296.3599999994|-733582.4899999984,-1055237.8599999994|-733575.2800000012,-1055225.1099999994|-733466.7899999991,-1055270.8999999985|*&
2.41.68;Polygon;-732033,-1051772|-732140.5,-1051806.5|-732264,-1051712|-732444,-1051517.5|-732459,-1051502|-732397.5,-1051413|-732370,-1051479.5|-732248.5,-1051640|-732081,-1051776.5|-732033,-1051772|*&
2.41.78;Polygon;-734895.0100000016,-1049849.960000001|-734895.3000000007,-1049862.379999999|-734907.0599999987,-1049849.960000001|-734895.0100000016,-1049849.960000001|*&
2.41.89;Polygon;-732928,-1051230|-732894,-1051304|-732909.8599999994,-1051439.9800000004|-733018.5,-1051491.5|-733060,-1051412|-732948.3200000003,-1051306.7600000016|-732971.4400000013,-1051205.2800000012|-732928,-1051230|*&
2.42.00;Polygon;-731642,-1053729.5|-731660,-1053800.5|-731749.5,-1054001.5|-731970,-1054279|-732094,-1054327|-732167.5,-1054252|-732123.5,-1054037.5|-731927.5,-1053931.5|-731883,-1053766.5|-731991.5,-1053535.5|-732214,-1053422.5|-732191,-1053216|-732056,-1053072.5|-731999,-1053076.5|-731974.5,-1053315|-731898.5,-1053382.5|-731850,-1053544.5|-731661,-1053586.5|-731642,-1053729.5|*&
2.42.00;Polygon;-733128,-1053207.5|-733069,-1053318.5|-733054,-1053338.5|-733164,-1053450.5|-733267,-1053390.5|-733282.5,-1053298.5|-733295.620000001,-1053086.789999999|-733323,-1053034|-733545,-1052959|-733343,-1052976|-733221,-1053041.5|-733128,-1053207.5|*&
2.42.00;Polygon;-732918,-1052666.5|-732766,-1052610|-732682,-1052664|-732647,-1052830.5|-732689.5,-1052924|-732804,-1052924|-732949.5,-1052752|-732918,-1052666.5|*&
2.42.00;Polygon;-734505.8099999987,-1052475.5300000012|-734538.5,-1052469.5|-734504.0399999991,-1052420.2699999996|-734491.5,-1052448.5|-734505.8099999987,-1052475.5300000012|*&
2.42.00;Polygon;-733178,-1052505|-733139.5,-1052394|-733032,-1052317.5|-732955.5,-1052410.5|-733040,-1052502|-733178,-1052505|*&
2.42.00;Polygon;-732028,-1052045.5|-732018.9699999988,-1052122.9699999988|-732046,-1052219|-732154.5,-1052342|-732069.5,-1052482.5|-732041.5,-1052686|-732021,-1052764.5|-732116,-1052705|-732302,-1052771.5|-732412.5,-1052885|-732384,-1052668.5|-732420,-1052551.5|-732393,-1052389|-732269,-1052327|-732092.5,-1052080.5|-732071.5,-1052007|-732028,-1052045.5|*&
2.46.00;Polygon;-732813,-1053957.5|-732863,-1053683|-732786.5,-1053577.5|-732689,-1053586.5|-732624,-1053878|-732673.5,-1053964|-732813,-1053957.5|*&
2.48.11;Polygon;-736953.129999999,-1053687.6999999993|-736921.3000000007,-1053612.7199999988|-736640.6999999993,-1053625.8399999999|-736618.1700000018,-1053730.4800000004|-736866.0700000003,-1053786.8200000003|-736953.129999999,-1053687.6999999993|*&
2.48.11;Polygon;-733604,-1053668.5|-733574,-1053464.5|-733421,-1053638.5|-733514,-1053698.5|-733604,-1053668.5|*&
2.48.11;Polygon;-734813.6000000015,-1053295.370000001|-734840.25,-1053301.3900000006|-735142.4600000009,-1053309.3599999994|-735282.0599999987,-1053357.3000000007|-735400.4600000009,-1053451.7399999984|-735452.2300000004,-1053619.129999999|-735578.0300000012,-1053656.25|-735439.8000000007,-1053535.6900000013|-735515.2300000004,-1053454.1700000018|-735401.1600000001,-1053315.1499999985|-735238.5700000003,-1053257.1999999993|-735084.0300000012,-1053260.4200000018|-734813.6000000015,-1053295.370000001|*&
2.48.11;Polygon;-736347.7199999988,-1053289.3999999985|-736434.6499999985,-1053200.8599999994|-736373.4800000004,-1053138.0799999982|-736227.7899999991,-1053258.8099999987|-736347.7199999988,-1053289.3999999985|*&
2.48.11;Polygon;-733742.5,-1052935.4400000013|-733862,-1052817|-733862.4699999988,-1052795.7199999988|-733772.5,-1052710|-733742.5,-1052935.4400000013|*&
2.48.11;Polygon;-737270.5,-1052681|-737277.5,-1052678|-737282.7100000009,-1052664.6700000018|-737267,-1052547.5|-737113.5,-1052563|-736969.5,-1052481.5|-736869.0199999996,-1052480.4899999984|-736851,-1052544.5|-737114,-1052657|-737270.5,-1052681|*&
2.48.11;Polygon;-733252,-1052192|-733185,-1052092.5|-733109.5,-1052167.5|-733169.5,-1052253|-733252,-1052192|*&
2.48.11;Polygon;-735143,-1051839|-734985.5,-1051836|-734895.5,-1051926.5|-735000,-1052016|-735160,-1052005|-735216.5,-1051902.5|-735143,-1051839|*-735047.5,-1051950.5|-735003,-1051927|-735009.4299999997,-1051890.4800000004|-735045.9600000009,-1051914.2199999988|-735047.5,-1051950.5|*&
2.48.11;Polygon;-736835,-1051651|-737022.5,-1051864|-737126,-1051918.5|-737080.5,-1051638.5|-736835,-1051651|*&
2.48.11;Polygon;-735884.5,-1051318.5|-735727,-1051322|-735593.9899999984,-1051224.0500000007|-735654,-1051349|-735791,-1051435.5|-735884.5,-1051318.5|*&
2.48.11;Polygon;-734445,-1051249|-734221,-1051043|-734197,-1051216|-734275,-1051275.5|-734445,-1051249|*&
2.48.11;Polygon;-735532.5,-1051166.5|-735238,-1050999|-735256.5,-1051097.5|-735476.5,-1051225.5|-735532.5,-1051166.5|*&
2.48.11;Polygon;-734819,-1050438|-734854.5,-1050311.5|-734795,-1050259.5|-734697,-1050332|-734819,-1050438|*&
2.48.11;Polygon;-734469,-1050142|-734554,-1050138.5|-734542,-1050186.5|-734481,-1050160|-734546.5,-1050302|-734457.4899999984,-1050512.5100000016|-734485.5,-1050707|-734469,-1050864.5|-734651,-1050985|-734922,-1051107.5|-735058.3500000015,-1051128.3900000006|-735200.5,-1051094.5|-735225,-1050958|-735224.5,-1050919.5|-735150,-1050922|-735027.0199999996,-1050959.4299999997|-734849,-1050905|-734937.0599999987,-1050815.4499999993|-734820.25,-1050728.3999999985|-734791.5,-1050880.5|-734679,-1050881|-734671,-1050747.5|-734588.5,-1050680|-734624.5,-1050575.5|-734568,-1050375|-734615.5,-1050280.5|-734560.5,-1050079|-734395,-1050081|-734390,-1050093|-734469,-1050142|*&
2.48.14;Polygon;-733232.5,-1052526.5|-733218,-1052627.5|-733379.5,-1052682.5|-733416,-1052584|-733232.5,-1052526.5|*&
2.48.14;Polygon;-736524,-1052558|-736412,-1052493.5|-736256,-1052480.5|-736155.5,-1052554.5|-736428.5,-1052598|-736524,-1052558|*&
2.58.00;Polygon;-734017.7899999991,-1055126.3500000015|-734107.3900000006,-1055104.4100000001|-734118.0700000003,-1054995.789999999|-734017.7899999991,-1055126.3500000015|*&
2.58.00;Polygon;-734360.9800000004,-1054177.6900000013|-734240.1099999994,-1054295.4499999993|-734202.8099999987,-1054401.710000001|-734301.4400000013,-1054454.9800000004|-734202.5399999991,-1054564.8900000006|-734217.0100000016,-1054664.4699999988|-734377.1099999994,-1054673.539999999|-734366.5300000012,-1054970.460000001|-734210.5300000012,-1055033.5899999999|-734118.8299999982,-1055296.9400000013|-734273.9800000004,-1055395.3299999982|-734237.7399999984,-1055477.3599999994|-734223.8900000006,-1055501.0700000003|-734343.3500000015,-1055418.25|-734390.9400000013,-1055349.0799999982|-734332.4600000009,-1055254.5899999999|-734446.5199999996,-1055101.8999999985|-734475.3200000003,-1055000.3000000007|-734735.0899999999,-1055041.120000001|-734794.8999999985,-1054969.9699999988|-734596.4400000013,-1054944.0300000012|-734457.8299999982,-1054841.289999999|-734496.9299999997,-1054635.129999999|-734556.3299999982,-1054625.5199999996|-734618.4699999988,-1054586.7800000012|-734646.2100000009,-1054430.0899999999|-734567.1499999985,-1054350.370000001|-734517.2300000004,-1054132.0700000003|-734461.8200000003,-1053964.1799999997|-734360.9800000004,-1054177.6900000013|*-734362.879999999,-1054273.0700000003|-734342.1099999994,-1054246.3500000015|-734357.3399999999,-1054213.5300000012|-734416.0399999991,-1054220.2300000004|-734369.0799999982,-1054253.4299999997|-734362.879999999,-1054273.0700000003|*&
2.58.00;Polygon;-734218,-1050068.5|-734184,-1050319|-734185,-1050399|-734076.5,-1050525|-734010.4499999993,-1050566.8900000006|-733952,-1050583|-733727.5,-1050578|-733544,-1050621.5|-733471.5,-1050601.5|-733370,-1050576|-733282,-1050550.5|-733025,-1050512|-733076,-1050572|-733293,-1050605|-733334,-1050630|-733502,-1050716|-733569,-1050941|-733375.5,-1051114.5|-733126.5500000007,-1051216.8299999982|-733026.2600000016,-1051207.9899999984|-732948.3200000003,-1051306.7600000016|-733060,-1051412|-733018.5,-1051491.5|-732909.8599999994,-1051439.9800000004|-732782,-1051520|-732444,-1051517.5|-732264,-1051712|-732140.5,-1051806.5|-732033,-1051772|-732015.5,-1051769.5|-731851.5,-1051897.5|-731544,-1052026.5|-731400,-1052140|-731346,-1052228|-731428.5,-1052258.5|-731450,-1052399.5|-731504,-1052287|-731756,-1052088|-731973.5,-1052024.5|-732028,-1052045.5|-732071.5,-1052007|-732120.5,-1051867.5|-732724,-1051639|-732954,-1051532.5|-733088.5,-1051527.5|-733127,-1051396|-733020,-1051288|-733104.5,-1051240.5|-733171.5,-1051265|-733249.5,-1051211.5|-733365.5,-1051207|-733534.5,-1051081|-733623.5,-1051272.5|-733723,-1051377.5|-733938.5,-1051449|-734063,-1051500|-734472.5,-1051587.5|-734578.5,-1051732|-734390,-1051827|-734327,-1051910|-734324,-1052059|-734410.5,-1052161.5|-734387,-1052248|-734491.5,-1052448.5|-734504.0399999991,-1052420.2699999996|-734444.2600000016,-1052332.6600000001|-734414,-1052172|-734447,-1052046|-734415,-1051943|-734511,-1051851|-734521.5,-1051844.5|-734655,-1051733.5|-734633.5,-1051630|-734547.5,-1051544|-734493.5,-1051563|-734365.5,-1051535.5|-734304.5,-1051484.5|-734174.379999999,-1051441.129999999|-734052.5,-1051432|-733925.25,-1051353.6600000001|-733688,-1051237.5|-733618.5,-1051017|-733697.5,-1050895.5|-733728,-1050745.5|-733762,-1050674|-733723,-1050660|-733783,-1050605|-733772,-1050663|-733959,-1050722.5|-734099.5,-1050702.5|-734220.6600000001,-1050623.5700000003|-734277,-1050386|-734350,-1050189|-734387,-1050069|-734395,-1050081|-734560.5,-1050079|-734563,-1049952.5|-734480.1700000018,-1049792.379999999|-734401,-1049689|-734359,-1049704.5|-734320,-1049788.5|-734260,-1050021|-734218,-1050068.5|*&
2.60.00;Polygon;-735640.3999999985,-1054502.0799999982|-735872.5500000007,-1054539.2300000004|-735967.0500000007,-1054600.9800000004|-736016.0599999987,-1054766.4699999988|-736326.0399999991,-1054845.539999999|-736451.1499999985,-1054834.8399999999|-736563.9699999988,-1054777.8200000003|-736421.6400000006,-1054661.539999999|-736321.5500000007,-1054630.4800000004|-736052.0500000007,-1054635.2300000004|-735934.0500000007,-1054530.9800000004|-735644.8599999994,-1054463.4200000018|-735640.3999999985,-1054502.0799999982|*&
2.60.00;Polygon;-735515.2300000004,-1053454.1700000018|-735439.8000000007,-1053535.6900000013|-735578.0300000012,-1053656.25|-735738.4499999993,-1053678.7600000016|-735844.9899999984,-1053643.5799999982|-735950.9100000001,-1053604.9200000018|-736049.1000000015,-1053691.8399999999|-736168.2300000004,-1053683.8000000007|-736453.9699999988,-1053910.7800000012|-736649.0500000007,-1054136.4800000004|-736754.379999999,-1054084.3000000007|-736600.4600000009,-1053980|-736528.0199999996,-1053785.210000001|-736261.6000000015,-1053691.8399999999|-735994.370000001,-1053474.5199999996|-735888.2399999984,-1053447.6600000001|-735515.2300000004,-1053454.1700000018|*&
2.60.00;Polygon;-736921.3000000007,-1053612.7199999988|-736953.129999999,-1053687.6999999993|-737091.4499999993,-1053595.2600000016|-737363.5,-1053575.9400000013|-737384.1999999993,-1053365.7300000004|-737333.6000000015,-1053354.0899999999|-737233.1099999994,-1053495.4499999993|-737067.3000000007,-1053513.1600000001|-736921.3000000007,-1053612.7199999988|*&
2.60.00;Polygon;-733711,-1049620.5|-733754,-1049616|-733793,-1049466.5|-733593,-1049515.5|-733711,-1049620.5|*&
2.64.01;Polygon;-734624,-1052489|-734630,-1052509|-734687.5,-1052522|-734937.5,-1052522|-735039.5,-1052545|-735071,-1052491.5|-735156.5,-1052503.5|-735141,-1052567|-735173.5,-1052685|-735159.5,-1052879.5|-735348.75,-1053004.6999999993|-735387.5,-1052984.5|-735388,-1052893.5|-735260.5,-1052620|-735261.5,-1052563.5|-735223,-1052462.5|-735239,-1052446|-734779,-1052454|-734624,-1052489|*&
2.67.01;Polygon;-733295.620000001,-1053086.789999999|-733442.5,-1053112.5|-733629,-1053025.5|-733792.5,-1052987|-733872,-1052886|-733862,-1052817|-733742.5,-1052935.4400000013|-733545,-1052959|-733323,-1053034|-733295.620000001,-1053086.789999999|*&
2.67.01;Polygon;-735239,-1050844|-735467.5,-1050983.5|-735433.5,-1051080.5|-735224.5,-1050919.5|-735225,-1050958|-735238,-1050999|-735532.5,-1051166.5|-735593.9899999984,-1051224.0500000007|-735727,-1051322|-735884.5,-1051318.5|-735997,-1051239|-736014,-1050986|-735892.5,-1050944|-735663.5,-1050919|-735265,-1050799|-735239,-1050844|*-735419,-1050889|-735406,-1050923|-735369,-1050905|-735379,-1050873|-735419,-1050889|*&
2.68.11;Polygon;-735261.5,-1052563.5|-735477.5,-1052509|-735465,-1052427.5|-735239,-1052446|-735223,-1052462.5|-735343,-1052471|-735261.5,-1052563.5|*&
2.77.69;Polygon;-732459,-1051502|-732470.5,-1051499|-732380,-1051312|-732365,-1051377|-732397.5,-1051413|-732459,-1051502|*&
5.08.50;Polygon;-733504.2699999996,-1056037.1600000001|-733452.8999999985,-1056065.8599999994|-733479.2100000009,-1056083.1700000018|-733504.2699999996,-1056037.1600000001|*&
5.11.00;Polygon;-733190.7800000012,-1055984.3999999985|-733198.7100000009,-1055970.5599999987|-733196.0700000003,-1055947.7199999988|-733160.9899999984,-1055941.2600000016|-733156.4299999997,-1055950.3299999982|-733196.2300000004,-1055962.879999999|-733190.7800000012,-1055984.3999999985|*&
5.11.00;Polygon;-734119.5100000016,-1055515.5599999987|-734180.4800000004,-1055507.4800000004|-734169.4800000004,-1055506.2600000016|-734119.5100000016,-1055515.5599999987|*&
5.11.00;Polygon;-734562.1700000018,-1055392.620000001|-734659.879999999,-1055486.9400000013|-734680.0599999987,-1055597.9400000013|-734487.0300000012,-1055581.5500000007|-734425.370000001,-1055792.2300000004|-734281.1000000015,-1055815.6000000015|-734248.3000000007,-1055817.9699999988|-734189.7399999984,-1055756.7600000016|-734306.6999999993,-1055722.9100000001|-734352.1999999993,-1055644.0500000007|-734286.4499999993,-1055608.3299999982|-734167.4200000018,-1055599.0700000003|-734088.5100000016,-1055630.9699999988|-733984.3399999999,-1055567.0199999996|-734050.3000000007,-1055517.0799999982|-734154.379999999,-1055496.8099999987|-734214.7300000004,-1055508.5|-734223.8900000006,-1055501.0700000003|-734168.120000001,-1055394.129999999|-733750.4499999993,-1055421.1499999985|-733641.0500000007,-1055479.4100000001|-733475.4499999993,-1055494.379999999|-733272.4299999997,-1055577.4200000018|-733341.8099999987,-1055940.460000001|-733264.2300000004,-1055977.0899999999|-733297.6600000001,-1056095.9800000004|-733375.0100000016,-1056087.710000001|-733540.0799999982,-1056000|-733536.5899999999,-1056159.3900000006|-733791.7899999991,-1056412.879999999|-733816.6400000006,-1056501.9499999993|-733997.0300000012,-1056524.1099999994|-734058.6900000013,-1056312.4499999993|-734197.1000000015,-1056155.1700000018|-734394.5599999987,-1056058.379999999|-734520.379999999,-1056126.620000001|-734685.8999999985,-1056388.9200000018|-735034.8099999987,-1056578.0799999982|-735124.0599999987,-1056692.5799999982|-735058.8099999987,-1056860.3299999982|-734848.9499999993,-1056946.9299999997|-734729.2399999984,-1056953.2699999996|-734931.0799999982,-1057067.2699999996|-735034.6499999985,-1057072.3000000007|-735200.3099999987,-1056997.8299999982|-735428.3099999987,-1057006.5799999982|-735449.0599999987,-1056650.0799999982|-735272.8099999987,-1056588.3299999982|-735180.5599999987,-1056507.5799999982|-735157.0599999987,-1056337.0799999982|-735099.8099999987,-1056239.5799999982|-735088.0599999987,-1056096.5799999982|-735172.8099999987,-1056033.5799999982|-735488.4499999993,-1055954.6000000015|-735575.7800000012,-1055719.6799999997|-735315.5500000007,-1055671.7300000004|-735161.5500000007,-1055671.2300000004|-734927,-1055610.2800000012|-734795.8099999987,-1055517.9200000018|-734780.6499999985,-1055432.6700000018|-734835.5399999991,-1055260.7600000016|-734755.0399999991,-1055166.2399999984|-734520.4499999993,-1055179.9200000018|-734410.4299999997,-1055264.5|-734562.1700000018,-1055392.620000001|*&
5.11.10;Polygon;-733452.8999999985,-1056065.8599999994|-733378.25,-1056138.1000000015|-733486.0599999987,-1056245.0199999996|-733623.370000001,-1056268.6000000015|-733662.9800000004,-1056326.6400000006|-733752.0700000003,-1056482.0500000007|-733667.3900000006,-1056609.0899999999|-733816.6400000006,-1056501.9499999993|-733791.7899999991,-1056412.879999999|-733536.5899999999,-1056159.3900000006|-733540.0799999982,-1056000|-733504.2699999996,-1056037.1600000001|-733479.2100000009,-1056083.1700000018|-733452.8999999985,-1056065.8599999994|*&
5.11.10;Polygon;-734248.3000000007,-1055817.9699999988|-734306.6999999993,-1055722.9100000001|-734189.7399999984,-1055756.7600000016|-734248.3000000007,-1055817.9699999988|*&
5.11.10;Polygon;-734281.1000000015,-1055815.6000000015|-734425.370000001,-1055792.2300000004|-734487.0300000012,-1055581.5500000007|-734680.0599999987,-1055597.9400000013|-734659.879999999,-1055486.9400000013|-734545.5500000007,-1055477.4400000013|-734418.5799999982,-1055553|-734281.1000000015,-1055815.6000000015|*&
5.11.10;Polygon;-734352.1999999993,-1055644.0500000007|-734453.2199999988,-1055496.210000001|-734312.7699999996,-1055497.9800000004|-734286.4499999993,-1055608.3299999982|-734352.1999999993,-1055644.0500000007|*&
5.11.10;Polygon;-733270.0799999982,-1055465.4800000004|-733285.0599999987,-1055504.129999999|-733338.0300000012,-1055456.1499999985|-733326.4899999984,-1055439.5|-733270.0799999982,-1055465.4800000004|*&
5.11.10;Polygon;-734039.379999999,-1055294.379999999|-734027.1000000015,-1055299.120000001|-734049.2699999996,-1055296.2300000004|-734039.379999999,-1055294.379999999|*&
5.11.10;Polygon;-733403.7699999996,-1055395.7800000012|-733376.9699999988,-1055438.3200000003|-733362.870000001,-1055425.379999999|-733376.5700000003,-1055408.1499999985|-733353.4299999997,-1055421.6400000006|-733344.1700000018,-1055460.960000001|-733278.7699999996,-1055518.629999999|-733272.4299999997,-1055577.4200000018|-733475.4499999993,-1055494.379999999|-733641.0500000007,-1055479.4100000001|-733750.4499999993,-1055421.1499999985|-734168.120000001,-1055394.129999999|-734223.8900000006,-1055501.0700000003|-734237.7399999984,-1055477.3599999994|-734264.4299999997,-1055411.3299999982|-734157.0100000016,-1055329.0500000007|-734053.5599999987,-1055386.6400000006|-734049.8599999994,-1055322.539999999|-734098.3399999999,-1055305.4299999997|-733890.9800000004,-1055307.1600000001|-733856.9600000009,-1055275.7399999984|-733740,-1055247.0899999999|-733641.1000000015,-1055300.8599999994|-733403.7699999996,-1055395.7800000012|*-733573.6900000013,-1055391.1499999985|-733548.2800000012,-1055447.4899999984|-733454.5100000016,-1055416.5700000003|-733573.6900000013,-1055391.1499999985|*&
5.11.10;Polygon;-734446.5199999996,-1055101.8999999985|-734332.4600000009,-1055254.5899999999|-734390.9400000013,-1055349.0799999982|-734343.3500000015,-1055418.25|-734342.7399999984,-1055456.9200000018|-734510.5199999996,-1055470.8599999994|-734562.1700000018,-1055392.620000001|-734410.4299999997,-1055264.5|-734520.4499999993,-1055179.9200000018|-734755.0399999991,-1055166.2399999984|-734676.3099999987,-1055112.710000001|-734446.5199999996,-1055101.8999999985|*&
5.12.00;Polygon;-734251.6400000006,-1055517.5700000003|-734273.4499999993,-1055512.210000001|-734285.7199999988,-1055501.6600000001|-734251.6400000006,-1055517.5700000003|*&
5.12.00;Polygon;-734223.7199999988,-1055527.4299999997|-734167.9299999997,-1055581.8299999982|-734167.4200000018,-1055599.0700000003|-734286.4499999993,-1055608.3299999982|-734312.7699999996,-1055497.9800000004|-734263.620000001,-1055530.6700000018|-734223.7199999988,-1055527.4299999997|*&
5.14.00;Polygon;-734835.5399999991,-1055260.7600000016|-734780.6499999985,-1055432.6700000018|-734795.8099999987,-1055517.9200000018|-734927,-1055610.2800000012|-735161.5500000007,-1055671.2300000004|-735315.5500000007,-1055671.7300000004|-735575.7800000012,-1055719.6799999997|-735488.4499999993,-1055954.6000000015|-735424,-1056141.4400000013|-735421.0100000016,-1056240.129999999|-735686.5399999991,-1055966.4299999997|-735641.4299999997,-1055840.9400000013|-735680.8200000003,-1055740.3900000006|-735719.0799999982,-1055701.4299999997|-735708.7399999984,-1055688.7399999984|-735688.9499999993,-1055688.3099999987|-735640.1499999985,-1055696.210000001|-735601.9699999988,-1055691.2600000016|-735544.3299999982,-1055658.129999999|-735462.9699999988,-1055590.0500000007|-735454.5100000016,-1055570.379999999|-735408.8999999985,-1055534.4899999984|-735368.4699999988,-1055490.6099999994|-735343.8399999999,-1055492.9800000004|-735291.3999999985,-1055481.5100000016|-735265.1600000001,-1055469.6400000006|-735263.7800000012,-1055455.4800000004|-735283.9600000009,-1055429.3299999982|-735232.8299999982,-1055409.9200000018|-735177.5599999987,-1055385.9400000013|-735046.879999999,-1055366.8200000003|-735025.4899999984,-1055342.8999999985|-734983.8900000006,-1055274.7600000016|-734969.1099999994,-1055236.4200000018|-734964.4100000001,-1055195.960000001|-734936.7899999991,-1055180.0599999987|-734867.5899999999,-1055202.4100000001|-734852.8599999994,-1055131.4899999984|-734746.5799999982,-1055116.3200000003|-734846.0700000003,-1055150.539999999|-734835.5399999991,-1055260.7600000016|*&
5.14.10;Polygon;-733573.6900000013,-1055391.1499999985|-733454.5100000016,-1055416.5700000003|-733548.2800000012,-1055447.4899999984|-733573.6900000013,-1055391.1499999985|*&
5.14.10;Polygon;-734157.0100000016,-1055329.0500000007|-734098.3399999999,-1055305.4299999997|-734049.8599999994,-1055322.539999999|-734053.5599999987,-1055386.6400000006|-734157.0100000016,-1055329.0500000007|*&
5.26.11;Polygon;-734167.9299999997,-1055581.8299999982|-734223.7199999988,-1055527.4299999997|-734180.4800000004,-1055507.4800000004|-734119.5100000016,-1055515.5599999987|-734062.5799999982,-1055561.3000000007|-734167.9299999997,-1055581.8299999982|*&
5.26.11;Polygon;-734223.8900000006,-1055501.0700000003|-734214.7300000004,-1055508.5|-734251.6400000006,-1055517.5700000003|-734285.7199999988,-1055501.6600000001|-734342.7399999984,-1055456.9200000018|-734343.3500000015,-1055418.25|-734223.8900000006,-1055501.0700000003|*&
5.41.77;Polygon;-734098.3399999999,-1055305.4299999997|-734157.0100000016,-1055329.0500000007|-734264.4299999997,-1055411.3299999982|-734237.7399999984,-1055477.3599999994|-734273.9800000004,-1055395.3299999982|-734118.8299999982,-1055296.9400000013|-733856.9600000009,-1055275.7399999984|-733890.9800000004,-1055307.1600000001|-734098.3399999999,-1055305.4299999997|*-734039.379999999,-1055294.379999999|-734049.2699999996,-1055296.2300000004|-734027.1000000015,-1055299.120000001|-734039.379999999,-1055294.379999999|*&
5.42.00;Polygon;-733375.0100000016,-1056087.710000001|-733304.6999999993,-1056160.3000000007|-733300.5399999991,-1056194|-733373.6900000013,-1056215.460000001|-733378.25,-1056138.1000000015|-733452.8999999985,-1056065.8599999994|-733504.2699999996,-1056037.1600000001|-733540.0799999982,-1056000|-733375.0100000016,-1056087.710000001|*&
5.42.00;Polygon;-733984.3399999999,-1055567.0199999996|-734088.5100000016,-1055630.9699999988|-734167.4200000018,-1055599.0700000003|-734167.9299999997,-1055581.8299999982|-734062.5799999982,-1055561.3000000007|-733984.3399999999,-1055567.0199999996|*&
5.58.00;Polygon;-732924.870000001,-1055678.8999999985|-732822.0199999996,-1055720.75|-732684.9800000004,-1055828.7699999996|-732674.6999999993,-1055893.6499999985|-732752.5500000007,-1055873.5599999987|-732870,-1055882.4299999997|-732918.4899999984,-1055882.4299999997|-732995.3099999987,-1055960|-733077.8299999982,-1055980.0199999996|-733097.2199999988,-1055760.5199999996|-733230.1600000001,-1055704.1799999997|-733203.9699999988,-1055525.4200000018|-733146.4100000001,-1055443.2399999984|-733095.2199999988,-1055497.5899999999|-733021.5599999987,-1055640.5199999996|-732924.870000001,-1055678.8999999985|*&
5.58.00;Polygon;-733607.8599999994,-1055255.870000001|-733593.1099999994,-1055228.3399999999|-733582.7699999996,-1055238.3500000015|-733607.8599999994,-1055255.870000001|*&
5.58.00;Polygon;-733631.4800000004,-1055205.460000001|-733666.7899999991,-1055202.3500000015|-733640,-1055200.5|-733631.4800000004,-1055205.460000001|*&
5.68.11;Polygon;-733146.4100000001,-1055443.2399999984|-733203.9699999988,-1055525.4200000018|-733219.5,-1055491|-733353.4299999997,-1055421.6400000006|-733376.5700000003,-1055408.1499999985|-733403.7699999996,-1055395.7800000012|-733641.1000000015,-1055300.8599999994|-733607.8599999994,-1055255.870000001|-733582.7699999996,-1055238.3500000015|-733582.4899999984,-1055237.8599999994|-733543.2899999991,-1055296.3599999994|-733364.7199999988,-1055327.289999999|-733292.8999999985,-1055405.1000000015|-733146.4100000001,-1055443.2399999984|*&
99;Polygon;-733203.9699999988,-1055525.4200000018|-733230.1600000001,-1055704.1799999997|-733097.2199999988,-1055760.5199999996|-733077.8299999982,-1055980.0199999996|-732995.3099999987,-1055960|-732983.9899999984,-1056029.0300000012|-732978.1499999985,-1056078.3599999994|-732946.0599999987,-1056163.2300000004|-733083.4299999997,-1056268.0899999999|-733170.6400000006,-1056244.8200000003|-733300.5399999991,-1056194|-733304.6999999993,-1056160.3000000007|-733297.6600000001,-1056095.9800000004|-733264.2300000004,-1055977.0899999999|-733341.8099999987,-1055940.460000001|-733272.4299999997,-1055577.4200000018|-733278.7699999996,-1055518.629999999|-733344.1700000018,-1055460.960000001|-733353.4299999997,-1055421.6400000006|-733219.5,-1055491|-733203.9699999988,-1055525.4200000018|*-733270.0799999982,-1055465.4800000004|-733326.4899999984,-1055439.5|-733338.0300000012,-1055456.1499999985|-733285.0599999987,-1055504.129999999|-733270.0799999982,-1055465.4800000004|*-733190.7800000012,-1055984.3999999985|-733196.2300000004,-1055962.879999999|-733156.4299999997,-1055950.3299999982|-733160.9899999984,-1055941.2600000016|-733196.0700000003,-1055947.7199999988|-733198.7100000009,-1055970.5599999987|-733190.7800000012,-1055984.3999999985|*-733128.4400000013,-1056115.460000001|-733140.2100000009,-1056127.2300000004|-733128.1099999994,-1056150.3099999987|-733105.8500000015,-1056135.7699999996|-733128.4400000013,-1056115.460000001|*-733054.3399999999,-1056195.9699999988|-733072.7699999996,-1056206.75|-733090.870000001,-1056207.9200000018|-733083.5500000007,-1056223.4699999988|-733054.3399999999,-1056195.9699999988|*&
99;Polygon;-733403.7699999996,-1055395.7800000012|-733376.5700000003,-1055408.1499999985|-733362.870000001,-1055425.379999999|-733376.9699999988,-1055438.3200000003|-733403.7699999996,-1055395.7800000012|*&
99;Polygon;-734342.7399999984,-1055456.9200000018|-734285.7199999988,-1055501.6600000001|-734273.4499999993,-1055512.210000001|-734251.6400000006,-1055517.5700000003|-734214.7300000004,-1055508.5|-734154.379999999,-1055496.8099999987|-734050.3000000007,-1055517.0799999982|-733984.3399999999,-1055567.0199999996|-734062.5799999982,-1055561.3000000007|-734119.5100000016,-1055515.5599999987|-734169.4800000004,-1055506.2600000016|-734180.4800000004,-1055507.4800000004|-734223.7199999988,-1055527.4299999997|-734263.620000001,-1055530.6700000018|-734312.7699999996,-1055497.9800000004|-734453.2199999988,-1055496.210000001|-734352.1999999993,-1055644.0500000007|-734306.6999999993,-1055722.9100000001|-734248.3000000007,-1055817.9699999988|-734281.1000000015,-1055815.6000000015|-734418.5799999982,-1055553|-734545.5500000007,-1055477.4400000013|-734659.879999999,-1055486.9400000013|-734562.1700000018,-1055392.620000001|-734510.5199999996,-1055470.8599999994|-734342.7399999984,-1055456.9200000018|*&
99;Polygon;-733132.7800000012,-1055408.6900000013|-733142.9299999997,-1055404.629999999|-733176.0300000012,-1055388.3299999982|-733200.2100000009,-1055387.4899999984|-733232.5399999991,-1055363.2300000004|-733129.4100000001,-1055323.8599999994|-733122.2699999996,-1055315.710000001|-733112.7699999996,-1055312.4400000013|-733124.5300000012,-1055326.7300000004|-733146.629999999,-1055345.9800000004|-733132.7800000012,-1055408.6900000013|*&
99;Polygon;-733619.4699999988,-1055169.370000001|-733608.4600000009,-1055169.6700000018|-733589.3200000003,-1055184.789999999|-733619.4699999988,-1055169.370000001|*&
99;Polygon;-734746.5799999982,-1055116.3200000003|-734852.8599999994,-1055131.4899999984|-734867.5899999999,-1055202.4100000001|-734936.7899999991,-1055180.0599999987|-734964.4100000001,-1055195.960000001|-734969.1099999994,-1055236.4200000018|-734983.8900000006,-1055274.7600000016|-735025.4899999984,-1055342.8999999985|-735046.879999999,-1055366.8200000003|-735177.5599999987,-1055385.9400000013|-735232.8299999982,-1055409.9200000018|-735283.9600000009,-1055429.3299999982|-735263.7800000012,-1055455.4800000004|-735265.1600000001,-1055469.6400000006|-735291.3999999985,-1055481.5100000016|-735343.8399999999,-1055492.9800000004|-735368.4699999988,-1055490.6099999994|-735408.8999999985,-1055534.4899999984|-735454.5100000016,-1055570.379999999|-735462.9699999988,-1055590.0500000007|-735544.3299999982,-1055658.129999999|-735601.9699999988,-1055691.2600000016|-735640.1499999985,-1055696.210000001|-735688.9499999993,-1055688.3099999987|-735708.7399999984,-1055688.7399999984|-735719.0799999982,-1055701.4299999997|-735680.8200000003,-1055740.3900000006|-735641.4299999997,-1055840.9400000013|-735686.5399999991,-1055966.4299999997|-735421.0100000016,-1056240.129999999|-735422.1400000006,-1056242.039999999|-735493.9100000001,-1056284.4400000013|-735501.870000001,-1056280.1400000006|-735469.5100000016,-1056191.6499999985|-735719.3500000015,-1055961.1700000018|-735644.1999999993,-1055839.5700000003|-735683.5599999987,-1055741.8200000003|-735720.5100000016,-1055706.1499999985|-735724.4200000018,-1055693.0300000012|-735709.7800000012,-1055686.5599999987|-735688.75,-1055686.5199999996|-735601.7899999991,-1055688.9100000001|-735545.3099999987,-1055656.5199999996|-735464.25,-1055588.2300000004|-735456.2199999988,-1055570.3599999994|-735446.4200000018,-1055560.0100000016|-735409.9899999984,-1055532.9800000004|-735373.6600000001,-1055490.3399999999|-735342.1999999993,-1055490.0899999999|-735277.1999999993,-1055474.1999999993|-735287.6400000006,-1055442.370000001|-735289.25,-1055431.9699999988|-735273.0899999999,-1055419.7699999996|-735188.2399999984,-1055386.0300000012|-735040.5799999982,-1055356.789999999|-735001.4600000009,-1055300.4400000013|-734972.9200000018,-1055241.5100000016|-734966.2899999991,-1055192.3399999999|-734945.9100000001,-1055177.3099999987|-734852.7899999991,-1055129.0799999982|-734746.5799999982,-1055116.3200000003|*&
99;Polygon;-734746.5799999982,-1055116.3200000003|-734892.2399999984,-1055100.370000001|-734986.4699999988,-1055156.2699999996|-735019.4800000004,-1055261.1600000001|-735140.7199999988,-1055333.1799999997|-735223.8999999985,-1055240.8000000007|-735345.129999999,-1055412.7699999996|-735427.8000000007,-1055492.4299999997|-735507.3999999985,-1055546.8900000006|-735692.870000001,-1055599.9100000001|-735763.8399999999,-1055690.4899999984|-735838.7199999988,-1055612.6799999997|-735504.1099999994,-1055536.3599999994|-735532.4100000001,-1055458.5799999982|-735643.6900000013,-1055497.6099999994|-735701.6700000018,-1055498.7800000012|-735821.0700000003,-1055545.9699999988|-735858.4200000018,-1055481|-735856.9800000004,-1055422.3099999987|-735933.6499999985,-1055374.3500000015|-735825.8900000006,-1055285.2600000016|-735866.5100000016,-1055221.1099999994|-735878.9899999984,-1055158.460000001|-735871.3000000007,-1055140.7699999996|-735721.0700000003,-1055039.2600000016|-735883.6600000001,-1054819.6600000001|-735914.25,-1054776.2800000012|-735884.5799999982,-1054811.9200000018|-735655.7300000004,-1054783.129999999|-735696.0399999991,-1054690.0599999987|-735594.4200000018,-1054636.4699999988|-735530.9699999988,-1054726.5300000012|-735328.5500000007,-1054859.5599999987|-735128.9200000018,-1054909.8599999994|-735092.379999999,-1054901.8200000003|-735038.5100000016,-1054837.8099999987|-734949.5599999987,-1054869.210000001|-734794.8999999985,-1054969.9699999988|-734735.0899999999,-1055041.120000001|-734475.3200000003,-1055000.3000000007|-734446.5199999996,-1055101.8999999985|-734676.3099999987,-1055112.710000001|-734755.0399999991,-1055166.2399999984|-734835.5399999991,-1055260.7600000016|-734846.0700000003,-1055150.539999999|-734746.5799999982,-1055116.3200000003|*-735364.7100000009,-1054870.6499999985|-735532.6099999994,-1054729.6700000018|-735593.7600000016,-1054639.6000000015|-735692.8599999994,-1054690.2399999984|-735658.5899999999,-1054768.960000001|-735515.9299999997,-1054939.3999999985|-735476.2699999996,-1054891.289999999|-735443.4100000001,-1054875.2699999996|-735364.7100000009,-1054870.6499999985|*-735247.7800000012,-1054884.1099999994|-735326.5100000016,-1054864.5799999982|-735473.2399999984,-1054892.9699999988|-735500.0799999982,-1054933.789999999|-735632.3099999987,-1054992.8000000007|-735654.2899999991,-1055022.4200000018|-735621.8900000006,-1055068.4699999988|-735601.370000001,-1055143.4899999984|-735592.9100000001,-1055165.3000000007|-735588.6799999997,-1055187.9699999988|-735581.0500000007,-1055200.370000001|-735555.9800000004,-1055220.3299999982|-735438.8900000006,-1055241.5899999999|-735248.7300000004,-1055164.9299999997|-735228.8500000015,-1055096.8299999982|-735194.1099999994,-1055026.8500000015|-735101.3000000007,-1054911.6999999993|-735143.4299999997,-1054909.6099999994|-735247.7800000012,-1054884.1099999994|*-735247.5700000003,-1055232.75|-735155,-1055193.3999999985|-735153.2600000016,-1055091.6799999997|-734973.6499999985,-1054953|-735055.4899999984,-1054861.0700000003|-735168.1000000015,-1054995.2600000016|-735226.5500000007,-1055098.1400000006|-735246.2699999996,-1055165.0799999982|-735247.5700000003,-1055232.75|*-734822.7399999984,-1055074.0500000007|-734803.1000000015,-1054976.5300000012|-734935.2199999988,-1054889.0300000012|-735006.5399999991,-1054901.8200000003|-734939.8299999982,-1054996.9200000018|-734859.4800000004,-1055028.4499999993|-734822.7399999984,-1055074.0500000007|*-734898.9499999993,-1055014.5599999987|-734936.0500000007,-1055003.379999999|-734960.2600000016,-1054977.0300000012|-735150.370000001,-1055093.4100000001|-735060.3099999987,-1055158.4299999997|-734999.4400000013,-1055031.210000001|-734898.9499999993,-1055014.5599999987|*-735397.8099999987,-1055272.6600000001|-735477.9699999988,-1055275.2600000016|-735558.1099999994,-1055287.5|-735567.2899999991,-1055290.6000000015|-735612.3999999985,-1055292.3900000006|-735766.3399999999,-1055293.6099999994|-735818.9200000018,-1055281.4899999984|-735924.5500000007,-1055368.879999999|-735874.2600000016,-1055393.6999999993|-735856.6799999997,-1055414.5199999996|-735852.6000000015,-1055430.539999999|-735808.5300000012,-1055539.1999999993|-735704.4899999984,-1055497.129999999|-735549.629999999,-1055463.8500000015|-735358.8299999982,-1055364.8900000006|-735397.8099999987,-1055272.6600000001|*-735430.9899999984,-1055483.8399999999|-735430.8200000003,-1055453.5100000016|-735388.9600000009,-1055441.0199999996|-735375.129999999,-1055414.4400000013|-735325.3299999982,-1055379.5799999982|-735339.0300000012,-1055343.8900000006|-735365.75,-1055380.4899999984|-735431.2899999991,-1055447.3900000006|-735430.9899999984,-1055483.8399999999|*-735644.7300000004,-1055042.1900000013|-735704.6799999997,-1055054.8099999987|-735730.5399999991,-1055045.7699999996|-735871.1400000006,-1055145.5199999996|-735863.6900000013,-1055220.1099999994|-735824.1099999994,-1055278.789999999|-735774.5899999999,-1055291.1999999993|-735658.8200000003,-1055281.210000001|-735611.9699999988,-1055290.629999999|-735576.2399999984,-1055289.629999999|-735495.2699999996,-1055275.3999999985|-735406.2100000009,-1055269.289999999|-735329.620000001,-1055283.2600000016|-735249.129999999,-1055167.4899999984|-735438.0300000012,-1055244.6499999985|-735555.4299999997,-1055222.8099999987|-735581.9100000001,-1055202.6999999993|-735590.6799999997,-1055189.25|-735594.7399999984,-1055166.0199999996|-735623.1600000001,-1055071.7199999988|-735644.7300000004,-1055042.1900000013|*-735697.120000001,-1055051.1099999994|-735637.629999999,-1054995.2199999988|-735655.8399999999,-1054788.1000000015|-735882.1799999997,-1054814.9299999997|-735745.0599999987,-1054997.4100000001|-735697.120000001,-1055051.1099999994|*-735627.7699999996,-1054985.6000000015|-735520.8000000007,-1054940.0500000007|-735646.9100000001,-1054789.3999999985|-735627.7699999996,-1054985.6000000015|*&
99;Polygon;-734556.3299999982,-1054625.5199999996|-734601.1099999994,-1054608.0500000007|-734618.4699999988,-1054586.7800000012|-734556.3299999982,-1054625.5199999996|*&
99;Polygon;-735613.3099999987,-1054506.6000000015|-735640.3999999985,-1054502.0799999982|-735644.8599999994,-1054463.4200000018|-735606.0799999982,-1054420.8500000015|-735545.8399999999,-1054459.1999999993|-735613.3099999987,-1054506.6000000015|*&
99;Polygon;-733973.0300000012,-1054491.3399999999|-734121.1999999993,-1054512.2399999984|-734116.0700000003,-1054680.1700000018|-734137.6799999997,-1054859.5799999982|-733997.4499999993,-1055148.1499999985|-733790.129999999,-1055150.9899999984|-733666.7899999991,-1055202.3500000015|-733631.4800000004,-1055205.460000001|-733593.1099999994,-1055228.3399999999|-733607.8599999994,-1055255.870000001|-733641.1000000015,-1055300.8599999994|-733740,-1055247.0899999999|-733856.9600000009,-1055275.7399999984|-734118.8299999982,-1055296.9400000013|-734210.5300000012,-1055033.5899999999|-734366.5300000012,-1054970.460000001|-734377.1099999994,-1054673.539999999|-734217.0100000016,-1054664.4699999988|-734202.5399999991,-1054564.8900000006|-734301.4400000013,-1054454.9800000004|-734202.8099999987,-1054401.710000001|-733973.0300000012,-1054491.3399999999|*-734017.7899999991,-1055126.3500000015|-734118.0700000003,-1054995.789999999|-734107.3900000006,-1055104.4100000001|-734017.7899999991,-1055126.3500000015|*&
99;Polygon;-736819.6499999985,-1054403.6700000018|-736782.8000000007,-1054270.9800000004|-736661.5500000007,-1054290.7399999984|-736695.5500000007,-1054453.4800000004|-736819.6499999985,-1054403.6700000018|*&
99;Polygon;-734362.879999999,-1054273.0700000003|-734369.0799999982,-1054253.4299999997|-734416.0399999991,-1054220.2300000004|-734357.3399999999,-1054213.5300000012|-734342.1099999994,-1054246.3500000015|-734362.879999999,-1054273.0700000003|*&
99;Polygon;-734360.9800000004,-1054177.6900000013|-734461.8200000003,-1053964.1799999997|-734350.370000001,-1054030.7399999984|-734360.9800000004,-1054177.6900000013|*&
99;Polygon;-734883.6999999993,-1053758.1799999997|-734918.5500000007,-1053765.4699999988|-734901.8099999987,-1053737.8599999994|-734883.6999999993,-1053758.1799999997|*&
99;Polygon;-734781.6000000015,-1053719.6400000006|-734784.3200000003,-1053707.620000001|-734801.3900000006,-1053687.3099999987|-734796.4299999997,-1053682.3500000015|-734780,-1053703.8399999999|-734765.4899999984,-1053743.4800000004|-734773.1600000001,-1053742.879999999|-734781.6000000015,-1053719.6400000006|*&
99;Polygon;-734723.4899999984,-1053649.9699999988|-734682.3500000015,-1053668.9299999997|-734677.0899999999,-1053674.6499999985|-734723.4899999984,-1053649.9699999988|*&
99;Polygon;-734590.1600000001,-1053657.3200000003|-734670.5799999982,-1053653.8900000006|-734659.4699999988,-1053635.1400000006|-734590.1600000001,-1053657.3200000003|*&
99;Polygon;-734657.6900000013,-1053557.4400000013|-734721.870000001,-1053620.9299999997|-734688.2100000009,-1053575.7300000004|-734657.6900000013,-1053557.4400000013|*&
99;Polygon;-734734.1999999993,-1053408.6600000001|-734732.120000001,-1053421.5300000012|-734765.1700000018,-1053353.0700000003|-734701.5,-1053312.8299999982|-734693.75,-1053317.4400000013|-734734.1999999993,-1053408.6600000001|*&
99;Polygon;-734709.5799999982,-1053077.8500000015|-734677.1999999993,-1053082.9200000018|-734647.2600000016,-1053092.8999999985|-734657.0500000007,-1053099.75|-734688.1400000006,-1053081.5599999987|-734709.5799999982,-1053077.8500000015|*&
99;Polygon;-734708.9899999984,-1053253.1900000013|-734743.3500000015,-1053062.3000000007|-734700.370000001,-1053249.5899999999|-734708.9899999984,-1053253.1900000013|*&
99;Polygon;-734235.7800000012,-1052962.3200000003|-734199.620000001,-1053057.2600000016|-734240.4400000013,-1053067.8900000006|-734235.7800000012,-1052962.3200000003|*&
99;Polygon;-734650.9800000004,-1053017.8900000006|-734640.7399999984,-1053039.9699999988|-734600.7800000012,-1053015.2199999988|-734558.6499999985,-1053017.9299999997|-734643.1600000001,-1053048.870000001|-734650.9800000004,-1053017.8900000006|*&
99;Polygon;-734726.2300000004,-1053005.8900000006|-734730.8200000003,-1053003.5899999999|-734680.5599999987,-1052953.9400000013|-734640.7899999991,-1052918.789999999|-734639.3000000007,-1052923.629999999|-734662.6799999997,-1052944.1600000001|-734726.2300000004,-1053005.8900000006|*&
99;Polygon;-734569.7800000012,-1052885.4699999988|-734590.1499999985,-1052921.4200000018|-734620.0700000003,-1052941.129999999|-734642.3299999982,-1052987.9200000018|-734702.7399999984,-1053021.1799999997|-734713.3099999987,-1053015.0700000003|-734666.2199999988,-1052981.4499999993|-734648.879999999,-1052975.5199999996|-734626.0500000007,-1052928.8500000015|-734569.7800000012,-1052885.4699999988|*&
99;Polygon;-733862.4699999988,-1052795.7199999988|-733862,-1052817|-733872,-1052886|-734093,-1052807|-734053.120000001,-1052724.1600000001|-733862.4699999988,-1052795.7199999988|*&
99;Polygon;-734416.1499999985,-1052734.2699999996|-734406.8299999982,-1052696.0599999987|-734417.7800000012,-1052660.1400000006|-734410.9499999993,-1052656.0300000012|-734403,-1052689|-734416.1499999985,-1052734.2699999996|*&
99;Polygon;-737282.7100000009,-1052664.6700000018|-737313.0899999999,-1052538.4699999988|-737267,-1052547.5|-737282.7100000009,-1052664.6700000018|*&
99;Polygon;-734630,-1052509|-734650,-1052553.5|-734687.5,-1052522|-734630,-1052509|*&
99;Polygon;-734586.5,-1052553|-734567.5,-1052543|-734564.5,-1052525|-734543.1999999993,-1052516.210000001|-734565.8200000003,-1052558.620000001|-734586.5,-1052553|*&
99;Polygon;-735039.5,-1052545|-735141,-1052567|-735156.5,-1052503.5|-735071,-1052491.5|-735039.5,-1052545|*&
99;Polygon;-735261.5,-1052563.5|-735343,-1052471|-735223,-1052462.5|-735261.5,-1052563.5|*&
99;Polygon;-736851,-1052544.5|-736869.0199999996,-1052480.4899999984|-736777.3099999987,-1052534.0100000016|-736851,-1052544.5|*&
99;Polygon;-734735.8000000007,-1052019.879999999|-734702.7199999988,-1052023.1900000013|-734718.5,-1052114.5|-734751.5,-1052100.4800000004|-734735.8000000007,-1052019.879999999|*&
99;Polygon;-735047.5,-1051950.5|-735045.9600000009,-1051914.2199999988|-735009.4299999997,-1051890.4800000004|-735003,-1051927|-735047.5,-1051950.5|*&
99;Polygon;-734630,-1052509|-734624,-1052489|-734548.3200000003,-1052464.8200000003|-734461.5599999987,-1052331.6600000001|-734504.5,-1052146|-734511,-1051851|-734415,-1051943|-734447,-1052046|-734414,-1052172|-734444.2600000016,-1052332.6600000001|-734504.0399999991,-1052420.2699999996|-734538.5,-1052469.5|-734630,-1052509|*&
99;Polygon;-734521.5,-1051844.5|-734654.7699999996,-1051800.539999999|-734703.8999999985,-1051665.0500000007|-734607.6099999994,-1051583.3999999985|-734544,-1051498|-734507.5399999991,-1051523.6999999993|-734304.5,-1051484.5|-734365.5,-1051535.5|-734493.5,-1051563|-734547.5,-1051544|-734633.5,-1051630|-734655,-1051733.5|-734521.5,-1051844.5|*&
99;Polygon;-733958.2399999984,-1051492.039999999|-734049,-1051560.5|-734308.5,-1051582.5|-734445.5,-1051657.5|-734447,-1051756|-734267,-1051927.5|-734195.5,-1052063|-734367,-1052116|-734345,-1052355|-734383,-1052599|-734282.4800000004,-1052672.9299999997|-734507.9200000018,-1052602.4400000013|-734505.8099999987,-1052475.5300000012|-734491.5,-1052448.5|-734387,-1052248|-734410.5,-1052161.5|-734324,-1052059|-734327,-1051910|-734390,-1051827|-734578.5,-1051732|-734472.5,-1051587.5|-734063,-1051500|-733938.5,-1051449|-733958.2399999984,-1051492.039999999|*&
99;Polygon;-733925.25,-1051353.6600000001|-734052.5,-1051432|-734174.379999999,-1051441.129999999|-733933.9400000013,-1051336.1400000006|-733925.25,-1051353.6600000001|*&
99;Polygon;-733127,-1051396|-733160,-1051439.5|-733054.5,-1051278.5|-733334.1900000013,-1051260.1900000013|-733462.8900000006,-1051147.1999999993|-733560,-1051207|-733623.5,-1051272.5|-733534.5,-1051081|-733365.5,-1051207|-733249.5,-1051211.5|-733171.5,-1051265|-733104.5,-1051240.5|-733020,-1051288|-733127,-1051396|*&
99;Polygon;-734922,-1051107.5|-734941.5,-1051209.5|-734848.3200000003,-1051567.5100000016|-735022,-1051574.5|-735109.5,-1051579.5|-735395,-1051687.5|-735632.5,-1051780|-735703,-1051837.5|-736060.3200000003,-1051833.0799999982|-736252.5399999991,-1051802.1900000013|-736338.9899999984,-1051648.8599999994|-736400.1499999985,-1051404.6999999993|-736299.6799999997,-1051278.5300000012|-735997,-1051239|-735884.5,-1051318.5|-735791,-1051435.5|-735654,-1051349|-735593.9899999984,-1051224.0500000007|-735532.5,-1051166.5|-735476.5,-1051225.5|-735256.5,-1051097.5|-735238,-1050999|-735225,-1050958|-735200.5,-1051094.5|-735058.3500000015,-1051128.3900000006|-734922,-1051107.5|*&
99;Polygon;-735419,-1050889|-735379,-1050873|-735369,-1050905|-735406,-1050923|-735419,-1050889|*&
99;Polygon;-735142,-1050885|-735150,-1050922|-735224.5,-1050919.5|-735433.5,-1051080.5|-735467.5,-1050983.5|-735239,-1050844|-735142,-1050885|*&
99;Polygon;-735027.0199999996,-1050959.4299999997|-734937.0599999987,-1050815.4499999993|-734849,-1050905|-735027.0199999996,-1050959.4299999997|*&
99;Polygon;-732928,-1051230|-732971.4400000013,-1051205.2800000012|-733026.2600000016,-1051207.9899999984|-733126.5500000007,-1051216.8299999982|-733375.5,-1051114.5|-733569,-1050941|-733502,-1050716|-733525,-1050931|-733352,-1051065.5|-733196.5,-1051128|-732973.629999999,-1051153.0599999987|-732928,-1051230|*&
99;Polygon;-734671,-1050747.5|-734679,-1050881|-734791.5,-1050880.5|-734820.25,-1050728.3999999985|-734745.7899999991,-1050652.4200000018|-734671,-1050747.5|*&
99;Polygon;-733762,-1050674|-733772,-1050663|-733783,-1050605|-733723,-1050660|-733762,-1050674|*&
99;Polygon;-733609,-1050555|-733471.5,-1050601.5|-733544,-1050621.5|-733727.5,-1050578|-733952,-1050583|-733757.7300000004,-1050544.7800000012|-733609,-1050555|*&
99;Polygon;-734010.4499999993,-1050566.8900000006|-734076.5,-1050525|-734185,-1050399|-734184,-1050319|-734099.6700000018,-1050490.4499999993|-734010.4499999993,-1050566.8900000006|*&
99;Polygon;-734469,-1050142|-734481,-1050160|-734542,-1050186.5|-734554,-1050138.5|-734469,-1050142|*&
99;Polygon;-734220.6600000001,-1050623.5700000003|-734252.0300000012,-1050622.8599999994|-734291,-1050386|-734357,-1050237.5|-734390,-1050093|-734395,-1050081|-734387,-1050069|-734350,-1050189|-734277,-1050386|-734220.6600000001,-1050623.5700000003|*&
99;Polygon;-734320,-1049788.5|-734359,-1049704.5|-734338.5,-1049712.5|-734320,-1049788.5|*&
99;Polygon;-735625,-1049388|-735687.4400000013,-1049422.789999999|-735686.3299999982,-1049367.1799999997|-735625,-1049388|*&
