,MessageID,Temperature,Humidity,Altitude,Pressure,Latitude,Longitude,Hour,Minute,Second,Day,Month,Year
1,1,nan,nan,nan,nan,0.000000,0.000000,13,16,56,23,7,2020
2,4,24.20,70.478,469.295,958.138,0.000000,0.000000,13,16,59,23,7,2020
3,5,24.19,70.210,469.517,958.112,0.000000,0.000000,13,17,0,23,7,2020
4,7,24.19,69.789,469.482,958.116,0.000000,0.000000,13,17,2,23,7,2020
5,8,24.19,69.777,469.860,958.073,0.000000,0.000000,13,17,3,23,7,2020
6,10,24.20,69.613,469.487,958.116,0.000000,0.000000,13,17,5,23,7,2020
7,14,24.23,69.331,469.664,958.096,0.000000,0.000000,13,17,9,23,7,2020
8,19,24.27,69.215,469.919,958.066,0.000000,0.000000,13,17,14,23,7,2020
9,21,24.30,69.173,469.473,958.117,0.000000,0.000000,13,17,16,23,7,2020
10,24,24.35,69.070,469.588,958.104,0.000000,0.000000,13,17,19,23,7,2020
11,25,24.36,69.039,469.938,958.064,0.000000,0.000000,13,17,20,23,7,2020
12,27,24.39,68.988,469.728,958.088,0.000000,0.000000,13,17,22,23,7,2020
13,28,24.40,68.878,469.542,958.110,0.000000,0.000000,13,17,23,23,7,2020
14,29,24.41,68.857,469.322,958.135,0.000000,0.000000,13,17,24,23,7,2020
15,30,24.42,68.826,469.443,958.121,0.000000,0.000000,13,17,25,23,7,2020
16,31,24.43,68.729,469.411,958.125,0.000000,0.000000,13,17,26,23,7,2020
17,32,24.45,68.652,469.878,958.071,0.000000,0.000000,13,17,27,23,7,2020
18,36,24.49,68.559,469.754,958.085,0.000000,0.000000,13,17,31,23,7,2020
19,41,24.55,68.235,469.715,958.090,0.000000,0.000000,13,17,36,23,7,2020
20,42,24.56,68.250,469.232,958.145,0.000000,0.000000,13,17,37,23,7,2020
21,43,24.58,68.207,469.506,958.114,0.000000,0.000000,13,17,38,23,7,2020
22,45,24.60,68.100,469.945,958.063,0.000000,0.000000,13,17,40,23,7,2020
23,48,24.65,68.019,469.709,958.090,0.000000,0.000000,13,17,43,23,7,2020
24,49,24.66,68.053,468.950,958.177,0.000000,0.000000,13,17,44,23,7,2020
25,51,24.68,68.045,469.810,958.079,0.000000,0.000000,13,17,46,23,7,2020
26,53,24.70,67.904,469.977,958.060,0.000000,0.000000,13,17,48,23,7,2020
27,54,24.72,67.852,469.300,958.137,0.000000,0.000000,13,17,49,23,7,2020
28,55,24.73,67.719,469.690,958.093,0.000000,0.000000,13,17,50,23,7,2020
29,56,24.74,67.699,470.003,958.057,0.000000,0.000000,13,17,51,23,7,2020
30,59,24.78,67.626,469.723,958.089,0.000000,0.000000,13,17,54,23,7,2020
31,60,24.80,67.518,469.890,958.070,0.000000,0.000000,13,17,55,23,7,2020
32,61,24.81,67.476,469.857,958.073,0.000000,0.000000,13,17,56,23,7,2020
33,62,24.83,67.455,469.753,958.085,0.000000,0.000000,13,17,57,23,7,2020
34,63,24.84,67.413,469.569,958.106,0.000000,0.000000,13,17,58,23,7,2020
35,64,24.86,67.350,470.005,958.056,0.000000,0.000000,13,17,59,23,7,2020
36,66,24.89,67.231,469.645,958.098,0.000000,0.000000,13,18,1,23,7,2020
37,67,24.90,67.166,470.300,958.023,0.000000,0.000000,13,18,2,23,7,2020
38,68,24.92,67.136,470.503,957.999,0.000000,0.000000,13,18,3,23,7,2020
39,70,24.95,67.051,470.218,958.032,0.000000,0.000000,13,18,5,23,7,2020
40,72,24.98,66.945,470.239,958.030,0.000000,0.000000,13,18,7,23,7,2020
41,73,24.99,66.958,469.980,958.059,0.000000,0.000000,13,18,8,23,7,2020
42,78,25.07,66.648,469.844,958.075,0.000000,0.000000,13,18,13,23,7,2020
43,80,25.11,66.575,469.677,958.094,0.000000,0.000000,13,18,15,23,7,2020
44,81,25.12,66.633,470.071,958.049,0.000000,0.000000,13,18,16,23,7,2020
45,82,25.14,66.491,469.701,958.091,0.000000,0.000000,13,18,17,23,7,2020
46,88,25.23,66.127,469.766,958.084,0.000000,0.000000,13,18,23,23,7,2020
47,92,25.29,66.103,470.148,958.040,0.000000,0.000000,13,18,27,23,7,2020
48,97,25.38,66.003,469.908,958.068,0.000000,0.000000,13,18,32,23,7,2020
49,98,25.40,65.795,470.219,958.027,0.000000,0.000000,13,18,33,23,7,2020
50,102,25.46,65.593,470.955,957.947,0.000000,0.000000,13,18,37,23,7,2020
51,103,25.48,65.584,470.241,958.029,0.000000,0.000000,13,18,38,23,7,2020
52,105,25.51,65.366,470.420,958.009,0.000000,0.000000,13,18,40,23,7,2020
53,106,25.53,65.303,470.244,958.029,0.000000,0.000000,13,18,41,23,7,2020
54,110,25.61,65.146,470.220,958.032,0.000000,0.000000,13,18,45,23,7,2020
55,112,25.64,64.985,470.284,958.038,0.000000,0.000000,13,18,47,23,7,2020
56,114,25.67,65.011,470.688,957.978,0.000000,0.000000,13,18,49,23,7,2020
57,115,25.70,64.914,470.017,958.055,0.000000,0.000000,13,18,50,23,7,2020
58,116,25.71,64.739,470.408,958.010,0.000000,0.000000,13,18,51,23,7,2020
59,117,25.73,64.751,470.153,958.039,0.000000,0.000000,13,18,52,23,7,2020
60,118,25.74,64.620,470.701,957.977,0.000000,0.000000,13,18,53,23,7,2020
61,123,25.82,64.330,470.370,958.014,0.000000,0.000000,13,18,58,23,7,2020
62,124,25.83,64.320,470.380,958.013,0.000000,0.000000,13,18,59,23,7,2020
63,126,25.86,64.259,470.139,958.041,0.000000,0.000000,13,19,1,23,7,2020
64,127,25.89,64.163,470.576,957.991,0.000000,0.000000,13,19,2,23,7,2020
65,128,25.91,64.076,470.321,958.020,0.000000,0.000000,13,19,3,23,7,2020
66,131,25.96,63.884,470.358,958.016,0.000000,0.000000,13,19,6,23,7,2020
67,132,25.99,63.886,470.949,957.948,0.000000,0.000000,13,19,7,23,7,2020
68,135,26.03,63.625,471.020,957.940,0.000000,0.000000,13,19,10,23,7,2020
69,136,26.05,63.539,470.614,957.986,0.000000,0.000000,13,19,11,23,7,2020
70,147,26.25,63.122,470.689,957.978,0.000000,0.000000,13,19,22,23,7,2020
71,148,26.27,63.000,470.663,957.981,0.000000,0.000000,13,19,23,23,7,2020
72,152,26.36,62.835,470.459,958.004,0.000000,0.000000,13,19,27,23,7,2020
73,154,26.40,62.706,470.602,957.988,0.000000,0.000000,13,19,29,23,7,2020
74,155,26.42,62.709,470.197,958.034,0.000000,0.000000,13,19,30,23,7,2020
75,156,26.43,62.599,470.510,957.998,0.000000,0.000000,13,19,31,23,7,2020
76,159,26.49,62.472,470.858,957.958,0.000000,0.000000,13,19,34,23,7,2020
77,160,26.50,62.386,470.833,957.961,0.000000,0.000000,13,19,35,23,7,2020
78,161,26.52,62.387,470.503,957.999,0.000000,0.000000,13,19,36,23,7,2020
79,162,26.55,62.358,470.446,958.006,0.000000,0.000000,13,19,37,23,7,2020
80,164,26.58,62.163,470.625,957.985,0.000000,0.000000,13,19,39,23,7,2020
81,168,26.66,62.016,470.523,957.997,0.000000,0.000000,13,19,43,23,7,2020
82,172,26.73,61.680,470.538,957.995,0.000000,0.000000,13,19,47,23,7,2020
83,173,26.75,61.749,470.593,957.989,0.000000,0.000000,13,19,48,23,7,2020
84,174,26.76,61.629,470.837,957.961,0.000000,0.000000,13,19,49,23,7,2020
85,176,26.80,61.589,470.711,957.975,0.000000,0.000000,13,19,51,23,7,2020
86,179,26.85,61.360,470.978,957.945,0.000000,0.000000,13,19,54,23,7,2020
87,180,26.87,61.351,470.644,957.983,0.000000,0.000000,13,19,55,23,7,2020
88,182,26.90,61.257,470.710,957.975,0.000000,0.000000,13,19,57,23,7,2020
89,186,26.97,61.029,470.837,957.961,0.000000,0.000000,13,20,1,23,7,2020
90,187,26.98,60.965,471.042,957.937,0.000000,0.000000,13,20,2,23,7,2020
91,188,27.00,60.910,470.513,957.998,0.000000,0.000000,13,20,3,23,7,2020
92,191,27.05,60.860,470.166,958.038,0.000000,0.000000,13,20,6,23,7,2020
93,192,27.06,60.741,470.260,958.027,0.000000,0.000000,13,20,7,23,7,2020
94,195,27.11,60.580,470.488,958.001,0.000000,0.000000,13,20,10,23,7,2020
95,197,27.15,60.460,470.245,958.029,0.000000,0.000000,13,20,12,23,7,2020
96,199,27.18,60.376,470.425,958.008,0.000000,0.000000,13,20,14,23,7,2020
97,202,27.24,60.138,470.812,957.964,0.000000,0.000000,13,20,17,23,7,2020
98,203,27.25,60.185,470.324,958.020,0.000000,0.000000,13,20,18,23,7,2020
99,205,27.28,60.088,470.236,958.030,0.000000,0.000000,13,20,20,23,7,2020
100,209,27.35,59.794,470.820,957.963,0.000000,0.000000,13,20,24,23,7,2020
101,210,27.36,59.762,471.407,957.895,0.000000,0.000000,13,20,25,23,7,2020
102,211,27.38,59.721,470.311,958.021,0.000000,0.000000,13,20,26,23,7,2020
103,217,27.48,59.576,470.850,957.959,0.000000,0.000000,13,20,32,23,7,2020
104,218,27.50,59.456,470.668,957.980,0.000000,0.000000,13,20,33,23,7,2020
105,219,27.52,59.413,470.528,957.996,0.000000,0.000000,13,20,34,23,7,2020
106,224,27.60,59.109,470.826,957.962,0.000000,0.000000,13,20,39,23,7,2020
107,225,27.62,59.011,470.608,957.987,0.000000,0.000000,13,20,40,23,7,2020
108,229,27.68,58.907,471.196,957.920,0.000000,0.000000,13,20,44,23,7,2020
109,230,27.70,58.910,470.711,957.975,0.000000,0.000000,13,20,45,23,7,2020
110,231,27.72,58.824,470.462,958.004,0.000000,0.000000,13,20,46,23,7,2020
111,232,27.73,58.779,470.929,957.950,0.000000,0.000000,13,20,47,23,7,2020
112,233,27.75,58.794,471.250,957.980,0.000000,0.000000,13,20,48,23,7,2020
113,236,27.79,58.553,470.749,957.971,0.000000,0.000000,13,20,51,23,7,2020
114,237,27.81,58.532,470.955,957.947,0.000000,0.000000,13,20,52,23,7,2020
115,241,27.88,58.361,471.009,957.941,0.000000,0.000000,13,20,56,23,7,2020
116,242,27.89,58.262,471.169,957.923,0.000000,0.000000,13,20,57,23,7,2020
117,245,27.94,58.168,470.710,957.975,0.000000,0.000000,13,21,0,23,7,2020
118,248,27.98,58.072,470.317,958.021,0.000000,0.000000,13,21,3,23,7,2020
119,251,28.02,57.965,470.309,958.021,0.000000,0.000000,13,21,6,23,7,2020
120,252,28.03,57.854,470.554,957.993,0.000000,0.000000,13,21,7,23,7,2020
121,254,28.06,57.836,471.189,957.920,0.000000,0.000000,13,21,9,23,7,2020
122,255,28.07,57.759,471.160,957.924,0.000000,0.000000,13,21,10,23,7,2020
123,256,28.08,57.771,470.554,957.993,0.000000,0.000000,13,21,11,23,7,2020
124,263,28.19,57.504,471.064,957.935,0.000000,0.000000,13,21,18,23,7,2020
125,270,28.29,57.191,470.873,957.957,0.000000,0.000000,13,21,25,23,7,2020
126,273,28.33,57.050,470.674,957.980,0.000000,0.000000,13,21,28,23,7,2020
127,276,28.37,56.910,470.900,957.954,0.000000,0.000000,13,21,31,23,7,2020
128,277,28.38,56.854,470.674,957.980,0.000000,0.000000,13,21,32,23,7,2020
129,283,28.46,56.651,470.895,957.954,0.000000,0.000000,13,21,38,23,7,2020
130,285,28.48,56.576,471.110,957.930,0.000000,0.000000,13,21,40,23,7,2020
131,287,28.51,56.444,470.788,957.966,0.000000,0.000000,13,21,42,23,7,2020
132,295,28.61,56.176,471.250,957.913,0.000000,0.000000,13,21,50,23,7,2020
133,296,28.63,56.166,470.765,957.969,0.000000,0.000000,13,21,51,23,7,2020
134,300,28.67,56.025,470.646,957.983,0.000000,0.000000,13,21,55,23,7,2020
135,302,28.70,55.995,470.707,957.976,0.000000,0.000000,13,21,57,23,7,2020
136,303,28.70,55.983,470.858,957.958,0.000000,0.000000,13,21,58,23,7,2020
137,304,28.71,55.918,470.372,958.014,0.000000,0.000000,13,21,59,23,7,2020
138,305,28.73,55.920,470.770,957.969,0.000000,0.000000,13,22,0,23,7,2020
139,307,28.75,55.721,470.671,957.980,0.000000,0.000000,13,22,2,23,7,2020
140,310,28.78,55.701,471.123,957.928,0.000000,0.000000,13,22,5,23,7,2020
141,312,28.81,55.693,470.910,957.953,0.000000,0.000000,13,22,7,23,7,2020
142,314,28.84,55.631,470.402,958.011,0.000000,0.000000,13,22,9,23,7,2020
143,316,28.86,55.565,471.150,957.925,0.000000,0.000000,13,22,11,23,7,2020
144,317,28.88,55.432,470.934,957.950,0.000000,0.000000,13,22,12,23,7,2020
145,318,28.89,55.390,471.133,957.927,0.000000,0.000000,13,22,13,23,7,2020
146,319,28.90,55.391,471.371,957.900,0.000000,0.000000,13,22,14,23,7,2020
147,321,28.92,55.313,471.043,957.937,0.000000,0.000000,13,22,16,23,7,2020
148,322,28.93,55.249,471.170,957.923,0.000000,0.000000,13,22,17,23,7,2020
149,324,28.96,55.241,471.464,957.889,0.000000,0.000000,13,22,19,23,7,2020
150,325,28.97,55.229,471.356,957.901,0.000000,0.000000,13,22,20,23,7,2020
151,326,28.98,55.142,471.325,957.905,0.000000,0.000000,13,22,21,23,7,2020
152,327,29.01,55.146,471.619,957.871,0.000000,0.000000,13,22,22,23,7,2020
153,328,29.02,55.066,470.933,957.950,0.000000,0.000000,13,22,23,23,7,2020
154,332,29.06,55.005,471.434,957.892,0.000000,0.000000,13,22,27,23,7,2020
155,335,29.09,54.929,471.682,957.864,0.000000,0.000000,13,22,30,23,7,2020
156,340,29.13,54.743,471.259,957.912,0.000000,0.000000,13,22,35,23,7,2020
157,343,29.17,54.646,471.593,957.874,0.000000,0.000000,13,22,38,23,7,2020
158,347,29.21,54.597,471.020,957.940,0.000000,0.000000,13,22,42,23,7,2020
159,348,29.22,54.540,471.522,957.882,0.000000,0.000000,13,22,43,23,7,2020
160,351,29.25,54.510,470.820,957.963,0.000000,0.000000,13,22,46,23,7,2020
161,352,29.26,54.523,471.368,957.900,0.000000,0.000000,13,22,47,23,7,2020
162,353,29.28,54.490,471.070,957.934,0.000000,0.000000,13,22,48,23,7,2020
163,354,29.28,54.491,471.575,957.876,0.000000,0.000000,13,22,49,23,7,2020
164,355,29.29,54.471,470.702,957.976,0.000000,0.000000,13,22,50,23,7,2020
165,357,29.32,54.349,471.147,957.925,0.000000,0.000000,13,22,52,23,7,2020
166,359,29.34,54.251,471.318,957.906,0.000000,0.000000,13,22,54,23,7,2020
167,361,29.36,54.218,471.446,957.891,0.000000,0.000000,13,22,56,23,7,2020
168,365,29.40,54.280,471.444,957.891,0.000000,0.000000,13,23,0,23,7,2020
169,369,29.44,54.038,471.136,957.927,0.000000,0.000000,13,23,4,23,7,2020
170,371,29.46,53.915,471.266,957.912,0.000000,0.000000,13,23,6,23,7,2020
171,380,29.56,53.611,471.501,957.885,0.000000,0.000000,13,23,15,23,7,2020
172,382,29.58,53.558,471.407,957.895,0.000000,0.000000,13,23,17,23,7,2020
173,384,29.59,53.569,471.454,957.890,0.000000,0.000000,13,23,19,23,7,2020
174,385,29.61,53.538,471.124,957.928,0.000000,0.000000,13,23,20,23,7,2020
175,387,29.62,53.439,471.483,957.887,0.000000,0.000000,13,23,22,23,7,2020
176,388,29.63,53.418,471.604,957.873,0.000000,0.000000,13,23,23,23,7,2020
177,391,29.65,53.318,471.581,957.875,0.000000,0.000000,13,23,26,23,7,2020
178,392,29.66,53.319,471.712,957.860,0.000000,0.000000,13,23,27,23,7,2020
179,393,29.67,53.297,471.326,957.905,0.000000,0.000000,13,23,28,23,7,2020
180,394,29.68,53.311,471.457,957.890,0.000000,0.000000,13,23,29,23,7,2020
181,396,29.70,53.200,471.319,957.906,0.000000,0.000000,13,23,31,23,7,2020
182,398,29.71,53.100,471.785,957.852,0.000000,0.000000,13,23,33,23,7,2020
183,401,29.73,53.103,471.460,957.863,0.000000,0.000000,13,23,36,23,7,2020
184,404,29.76,52.992,471.211,957.918,0.000000,0.000000,13,23,39,23,7,2020
185,405,29.77,52.993,471.643,957.868,0.000000,0.000000,13,23,40,23,7,2020
186,406,29.78,52.949,471.460,957.889,0.000000,0.000000,13,23,41,23,7,2020
187,407,29.78,52.984,471.503,957.884,0.000000,0.000000,13,23,42,23,7,2020
188,409,29.80,52.940,471.321,957.905,0.000000,0.000000,13,23,44,23,7,2020
189,410,29.80,52.896,471.054,957.936,0.000000,0.000000,13,23,45,23,7,2020
190,414,29.84,52.843,471.089,957.932,0.000000,0.000000,13,23,49,23,7,2020
191,415,29.85,52.845,471.717,957.860,0.000000,0.000000,13,23,50,23,7,2020
192,416,29.85,52.755,471.140,957.926,0.000000,0.000000,13,23,51,23,7,2020
193,417,29.86,52.756,471.643,957.868,0.000000,0.000000,13,23,52,23,7,2020
194,419,29.88,52.725,471.432,957.893,0.000000,0.000000,13,23,54,23,7,2020
195,420,29.88,52.623,472.054,957.821,0.000000,0.000000,13,23,55,23,7,2020
196,422,29.90,52.660,471.915,957.837,0.000000,0.000000,13,23,57,23,7,2020
197,424,29.92,52.561,471.546,957.880,0.000000,0.000000,13,23,59,23,7,2020
198,427,29.94,52.517,471.869,957.842,0.000000,0.000000,13,24,2,23,7,2020
199,428,29.94,52.505,471.869,957.842,0.000000,0.000000,13,24,3,23,7,2020
200,429,29.95,52.506,471.412,957.895,0.000000,0.000000,13,24,4,23,7,2020
201,430,29.96,52.417,471.578,957.876,0.000000,0.000000,13,24,5,23,7,2020
202,431,29.96,52.452,471.427,957.893,0.000000,0.000000,13,24,6,23,7,2020
203,432,29.97,52.408,471.548,957.879,0.000000,0.000000,13,24,7,23,7,2020
204,435,29.99,52.388,471.952,957.833,0.000000,0.000000,13,24,10,23,7,2020
205,436,30.00,52.423,471.345,957.903,0.000000,0.000000,13,24,11,23,7,2020
206,437,30.01,52.300,471.697,957.862,0.000000,0.000000,13,24,12,23,7,2020
207,439,30.02,52.289,471.595,957.874,0.000000,0.000000,13,24,14,23,7,2020
208,440,30.03,52.245,471.718,957.860,0.000000,0.000000,13,24,15,23,7,2020
209,443,30.05,52.225,471.349,957.902,0.000000,0.000000,13,24,18,23,7,2020
210,444,30.06,52.169,472.243,957.800,0.000000,0.000000,13,24,19,23,7,2020
211,445,30.07,52.182,471.556,957.878,0.000000,0.000000,13,24,20,23,7,2020
212,450,30.10,52.062,471.938,957.835,0.000000,0.000000,13,24,25,23,7,2020
213,452,30.13,52.031,471.843,957.845,0.000000,0.000000,13,24,27,23,7,2020
214,455,30.16,52.001,471.673,957.865,0.000000,0.000000,13,24,30,23,7,2020
215,457,30.17,51.911,471.607,957.833,0.000000,0.000000,13,24,32,23,7,2020
216,458,30.17,51.912,472.344,957.788,0.000000,0.000000,13,24,33,23,7,2020
217,459,30.18,51.912,471.739,957.857,0.000000,0.000000,13,24,34,23,7,2020
218,460,30.19,51.925,471.744,957.857,0.000000,0.000000,13,24,35,23,7,2020
219,461,30.19,51.869,471.823,957.848,0.000000,0.000000,13,24,36,23,7,2020
220,464,30.23,51.794,471.618,957.871,0.000000,0.000000,13,24,39,23,7,2020
221,469,30.27,51.662,471.732,957.858,0.000000,0.000000,13,24,44,23,7,2020
222,470,30.27,51.663,471.624,957.870,0.000000,0.000000,13,24,45,23,7,2020
223,472,30.28,51.631,471.861,957.843,0.000000,0.000000,13,24,47,23,7,2020
224,473,30.29,51.587,471.451,957.890,0.000000,0.000000,13,24,48,23,7,2020
225,475,30.30,51.712,471.531,957.855,0.000000,0.000000,13,24,50,23,7,2020
226,477,30.32,51.624,471.507,957.884,0.000000,0.000000,13,24,52,23,7,2020
227,479,30.33,51.511,471.474,957.888,0.000000,0.000000,13,24,54,23,7,2020
228,480,30.34,51.558,471.330,957.904,0.000000,0.000000,13,24,55,23,7,2020
229,485,30.36,51.482,471.660,957.866,0.000000,0.000000,13,25,0,23,7,2020
230,488,30.37,51.404,471.827,957.847,0.000000,0.000000,13,25,3,23,7,2020
231,489,30.38,51.394,471.796,957.851,0.000000,0.000000,13,25,4,23,7,2020
232,490,30.39,51.394,472.107,957.815,0.000000,0.000000,13,25,5,23,7,2020
233,491,30.40,51.327,471.845,957.845,0.000000,0.000000,13,25,6,23,7,2020
234,492,30.41,51.316,471.853,957.844,0.000000,0.000000,13,25,7,23,7,2020
235,495,30.42,51.229,471.715,957.860,0.000000,0.000000,13,25,10,23,7,2020
236,497,30.44,51.252,470.919,957.951,0.000000,0.000000,13,25,12,23,7,2020
237,502,30.47,51.223,471.834,957.846,0.000000,0.000000,13,25,17,23,7,2020
238,504,30.49,51.076,471.501,957.911,0.000000,0.000000,13,25,19,23,7,2020
239,505,30.49,51.089,472.123,957.813,0.000000,0.000000,13,25,20,23,7,2020
240,506,30.50,51.124,471.972,957.831,0.000000,0.000000,13,25,21,23,7,2020
241,507,30.51,51.091,471.673,957.865,0.000000,0.000000,13,25,22,23,7,2020
242,508,30.51,51.034,471.949,957.833,0.000000,0.000000,13,25,23,23,7,2020
243,511,30.53,51.061,471.313,957.906,0.000000,0.000000,13,25,26,23,7,2020
244,519,30.59,50.908,471.520,957.883,0.000000,0.000000,13,25,34,23,7,2020
245,522,30.61,50.864,471.568,957.877,0.000000,0.000000,13,25,37,23,7,2020
246,523,30.61,50.843,471.959,957.832,0.000000,0.000000,13,25,38,23,7,2020
247,524,30.62,50.821,471.698,957.862,0.000000,0.000000,13,25,39,23,7,2020
248,531,30.65,50.688,472.030,957.824,0.000000,0.000000,13,25,46,23,7,2020
249,533,30.67,50.713,471.357,957.901,0.000000,0.000000,13,25,48,23,7,2020
250,540,30.70,50.547,471.999,957.828,0.000000,0.000000,13,25,55,23,7,2020
251,541,30.70,50.524,471.767,957.854,0.000000,0.000000,13,25,56,23,7,2020
252,545,30.73,50.516,471.949,957.833,0.000000,0.000000,13,26,0,23,7,2020
253,548,30.74,50.529,471.463,957.889,0.000000,0.000000,13,26,3,23,7,2020
254,550,30.76,50.496,471.361,957.901,0.000000,0.000000,13,26,5,23,7,2020
255,551,30.76,50.429,472.091,957.817,0.000000,0.000000,13,26,6,23,7,2020
256,553,30.77,50.396,471.909,957.838,0.000000,0.000000,13,26,8,23,7,2020
257,554,30.78,50.453,471.802,957.850,0.000000,0.000000,13,26,9,23,7,2020
258,557,30.80,50.265,471.938,957.835,0.000000,0.000000,13,26,12,23,7,2020
259,560,30.82,50.221,471.916,957.837,0.000000,0.000000,13,26,15,23,7,2020
260,561,30.83,50.300,472.153,957.810,0.000000,0.000000,13,26,16,23,7,2020
261,562,30.83,50.279,472.045,957.822,0.000000,0.000000,13,26,17,23,7,2020
262,563,30.84,50.212,471.510,957.884,0.000000,0.000000,13,26,18,23,7,2020
263,565,30.85,50.156,471.480,957.887,0.000000,0.000000,13,26,20,23,7,2020
264,567,30.86,50.101,471.799,957.850,0.000000,0.000000,13,26,22,23,7,2020
265,569,30.87,50.136,471.457,957.890,0.000000,0.000000,13,26,24,23,7,2020
266,571,30.88,50.104,471.738,957.857,0.000000,0.000000,13,26,26,23,7,2020
267,572,30.89,50.161,471.515,957.883,0.000000,0.000000,13,26,27,23,7,2020
268,575,30.91,49.982,471.570,957.877,0.000000,0.000000,13,26,30,23,7,2020
269,577,30.92,49.938,471.694,957.863,0.000000,0.000000,13,26,32,23,7,2020
270,579,30.93,50.006,471.315,957.906,0.000000,0.000000,13,26,34,23,7,2020
271,580,30.93,49.904,472.125,957.813,0.000000,0.000000,13,26,35,23,7,2020
272,581,30.93,49.950,471.938,957.835,0.000000,0.000000,13,26,36,23,7,2020
273,585,30.94,49.872,471.988,957.829,0.000000,0.000000,13,26,40,23,7,2020
274,587,30.95,49.862,472.458,957.775,0.000000,0.000000,13,26,42,23,7,2020
275,591,30.97,49.819,471.591,957.874,0.000000,0.000000,13,26,46,23,7,2020
276,592,30.97,49.830,471.822,957.848,0.000000,0.000000,13,26,47,23,7,2020
277,593,30.98,49.786,471.978,957.856,0.000000,0.000000,13,26,48,23,7,2020
278,594,30.98,49.809,472.059,957.821,0.000000,0.000000,13,26,49,23,7,2020
279,595,30.99,49.831,471.987,957.829,0.000000,0.000000,13,26,50,23,7,2020
280,597,30.99,49.753,471.529,957.881,0.000000,0.000000,13,26,52,23,7,2020
281,598,31.00,49.776,471.573,957.876,0.000000,0.000000,13,26,53,23,7,2020
282,599,31.00,49.732,471.849,957.845,0.000000,0.000000,13,26,54,23,7,2020
283,600,31.01,49.732,471.466,957.889,0.000000,0.000000,13,26,55,23,7,2020
284,602,31.02,49.722,472.014,957.826,0.000000,0.000000,13,26,57,23,7,2020
285,603,31.02,49.722,471.782,957.852,0.000000,0.000000,13,26,58,23,7,2020
286,604,31.02,49.734,471.906,957.838,0.000000,0.000000,13,26,59,23,7,2020
287,605,31.02,49.757,472.289,957.794,0.000000,0.000000,13,27,0,23,7,2020
288,607,31.03,49.700,471.796,957.851,0.000000,0.000000,13,27,2,23,7,2020
289,608,31.04,49.656,471.804,957.850,0.000000,0.000000,13,27,3,23,7,2020
290,611,31.05,49.579,472.044,957.822,0.000000,0.000000,13,27,6,23,7,2020
291,612,31.05,49.636,472.280,957.795,0.000000,0.000000,13,27,7,23,7,2020
292,613,31.06,49.567,472.013,957.826,0.000000,0.000000,13,27,8,23,7,2020
293,614,31.06,49.568,472.520,957.768,0.000000,0.000000,13,27,9,23,7,2020
294,615,31.06,49.512,472.253,957.798,0.000000,0.000000,13,27,10,23,7,2020
295,618,31.08,49.503,471.884,957.841,0.000000,0.000000,13,27,13,23,7,2020
296,619,31.09,49.457,472.079,957.818,0.000000,0.000000,13,27,14,23,7,2020
297,620,31.09,49.516,472.004,957.827,0.000000,0.000000,13,27,15,23,7,2020
298,622,31.09,49.459,472.085,957.818,0.000000,0.000000,13,27,17,23,7,2020
299,624,31.10,49.391,471.817,957.848,0.000000,0.000000,13,27,19,23,7,2020
300,625,31.10,49.517,471.977,957.830,0.000000,0.000000,13,27,20,23,7,2020
301,628,31.11,49.518,472.214,957.803,0.000000,0.000000,13,27,23,23,7,2020
302,630,31.12,49.496,471.803,957.850,0.000000,0.000000,13,27,25,23,7,2020
303,636,31.15,49.387,472.142,957.811,0.000000,0.000000,13,27,31,23,7,2020
304,638,31.17,49.365,471.541,957.880,0.000000,0.000000,13,27,33,23,7,2020
305,640,31.18,49.354,471.736,957.858,0.000000,0.000000,13,27,35,23,7,2020
306,643,31.19,49.299,472.213,957.803,0.000000,0.000000,13,27,38,23,7,2020
307,644,31.20,49.312,471.794,957.851,0.000000,0.000000,13,27,39,23,7,2020
308,645,31.20,49.313,471.800,957.850,0.000000,0.000000,13,27,40,23,7,2020
309,647,31.21,49.336,471.959,957.832,0.000000,0.000000,13,27,42,23,7,2020
310,650,31.22,49.291,471.813,957.849,0.000000,0.000000,13,27,45,23,7,2020
311,651,31.22,49.292,471.893,957.840,0.000000,0.000000,13,27,46,23,7,2020
312,654,31.23,49.236,472.061,957.820,0.000000,0.000000,13,27,49,23,7,2020
313,656,31.23,49.247,472.444,957.776,0.000000,0.000000,13,27,51,23,7,2020
314,662,31.27,49.126,472.089,957.817,0.000000,0.000000,13,27,57,23,7,2020
315,663,31.27,49.161,472.094,957.817,0.000000,0.000000,13,27,58,23,7,2020
316,665,31.28,49.060,472.218,957.802,0.000000,0.000000,13,28,0,23,7,2020
317,669,31.30,49.017,472.356,957.787,0.000000,0.000000,13,28,4,23,7,2020
318,670,31.31,49.074,471.936,957.835,0.000000,0.000000,13,28,5,23,7,2020
319,671,31.31,48.996,472.326,957.790,0.000000,0.000000,13,28,6,23,7,2020
320,673,31.32,49.053,472.289,957.794,0.000000,0.000000,13,28,8,23,7,2020
321,674,31.32,49.020,471.987,957.829,0.000000,0.000000,13,28,9,23,7,2020
322,675,31.33,48.997,472.455,957.775,0.000000,0.000000,13,28,10,23,7,2020
323,676,31.33,48.986,472.036,957.823,0.000000,0.000000,13,28,11,23,7,2020
324,677,31.33,48.986,471.804,957.850,0.000000,0.000000,13,28,12,23,7,2020
325,679,31.35,48.920,471.857,957.844,0.000000,0.000000,13,28,14,23,7,2020
326,681,31.36,48.932,471.478,957.887,0.000000,0.000000,13,28,16,23,7,2020
327,684,31.37,48.889,471.796,957.851,0.000000,0.000000,13,28,19,23,7,2020
328,685,31.37,48.900,471.955,957.833,0.000000,0.000000,13,28,20,23,7,2020
329,686,31.37,48.889,472.490,957.771,0.000000,0.000000,13,28,21,23,7,2020
330,687,31.37,48.844,472.071,957.819,0.000000,0.000000,13,28,22,23,7,2020
331,688,31.37,48.923,471.644,957.868,0.000000,0.000000,13,28,23,23,7,2020
332,690,31.38,48.900,471.920,957.837,0.000000,0.000000,13,28,25,23,7,2020
333,691,31.38,48.832,472.000,957.827,0.000000,0.000000,13,28,26,23,7,2020
334,694,31.39,48.833,471.890,957.840,0.000000,0.000000,13,28,29,23,7,2020
335,697,31.39,49.026,472.049,957.822,0.000000,0.000000,13,28,32,23,7,2020
336,699,31.40,48.936,471.942,957.834,0.000000,0.000000,13,28,34,23,7,2020
337,705,31.41,48.814,472.071,957.819,0.000000,0.000000,13,28,40,23,7,2020
338,706,31.42,48.770,472.504,957.770,0.000000,0.000000,13,28,41,23,7,2020
339,708,31.43,48.760,472.013,957.826,0.000000,0.000000,13,28,43,23,7,2020
340,710,31.44,48.715,472.135,957.812,0.000000,0.000000,13,28,45,23,7,2020
341,711,31.45,48.704,472.295,957.794,0.000000,0.000000,13,28,46,23,7,2020
342,713,31.46,48.626,471.961,957.832,0.000000,0.000000,13,28,48,23,7,2020
343,714,31.46,48.671,473.003,957.712,0.000000,0.000000,13,28,49,23,7,2020
344,715,31.47,48.718,472.620,957.743,0.000000,0.000000,13,28,50,23,7,2020
345,716,31.47,48.672,472.394,957.782,0.000000,0.000000,13,28,51,23,7,2020
346,718,31.47,48.718,472.857,957.729,0.000000,0.000000,13,28,53,23,7,2020
347,723,31.49,48.629,472.675,957.750,0.000000,0.000000,13,28,58,23,7,2020
348,724,31.49,48.663,472.604,957.758,0.000000,0.000000,13,28,59,23,7,2020
349,726,31.50,48.675,472.416,957.780,0.000000,0.000000,13,29,1,23,7,2020
350,729,31.50,48.584,472.416,957.780,0.000000,0.000000,13,29,4,23,7,2020
351,730,31.50,48.618,472.531,957.766,0.000000,0.000000,13,29,5,23,7,2020
352,731,31.51,48.574,472.777,957.738,0.000000,0.000000,13,29,6,23,7,2020
353,737,31.54,48.532,472.725,957.744,0.000000,0.000000,13,29,12,23,7,2020
354,738,31.54,48.441,472.494,957.775,0.000000,0.000000,13,29,13,23,7,2020
355,740,31.55,48.522,472.502,957.770,0.000000,0.000000,13,29,15,23,7,2020
356,741,31.55,48.477,472.546,957.765,0.000000,0.000000,13,29,16,23,7,2020
357,746,31.57,48.433,472.596,957.759,0.000000,0.000000,13,29,21,23,7,2020
358,758,31.60,48.402,472.275,957.796,0.000000,0.000000,13,29,33,23,7,2020
359,759,31.60,48.368,472.356,957.787,0.000000,0.000000,13,29,34,23,7,2020
360,760,31.60,48.357,472.356,957.787,0.000000,0.000000,13,29,35,23,7,2020
361,762,31.60,48.335,471.936,957.835,0.000000,0.000000,13,29,37,23,7,2020
362,763,31.61,48.313,472.522,957.768,0.000000,0.000000,13,29,38,23,7,2020
363,764,31.62,48.313,471.987,957.829,0.000000,0.000000,13,29,39,23,7,2020
364,765,31.62,48.280,472.797,957.736,0.000000,0.000000,13,29,40,23,7,2020
365,766,31.62,48.280,472.414,957.780,0.000000,0.000000,13,29,41,23,7,2020
366,767,31.62,48.224,471.799,957.850,0.000000,0.000000,13,29,42,23,7,2020
367,770,31.62,48.280,471.950,957.833,0.000000,0.000000,13,29,45,23,7,2020
368,772,31.62,48.325,472.689,957.748,0.000000,0.000000,13,29,47,23,7,2020
369,774,31.63,48.326,472.190,957.806,0.000000,0.000000,13,29,49,23,7,2020
370,775,31.63,48.292,472.383,957.783,0.000000,0.000000,13,29,50,23,7,2020
371,776,31.63,48.305,472.544,957.765,0.000000,0.000000,13,29,51,23,7,2020
372,778,31.63,48.304,472.383,957.783,0.000000,0.000000,13,29,53,23,7,2020
373,784,31.64,48.203,472.285,957.795,0.000000,0.000000,13,29,59,23,7,2020
374,785,31.65,48.249,472.442,957.777,0.000000,0.000000,13,30,0,23,7,2020
375,786,31.66,48.238,471.791,957.851,0.000000,0.000000,13,30,1,23,7,2020
376,787,31.66,48.217,472.183,957.806,0.000000,0.000000,13,30,2,23,7,2020
377,788,31.67,48.251,471.915,957.841,0.000000,0.000000,13,30,3,23,7,2020
378,789,31.67,48.183,472.111,957.815,0.000000,0.000000,13,30,4,23,7,2020
379,791,31.67,48.205,472.304,957.792,0.000000,0.000000,13,30,6,23,7,2020
380,792,31.67,48.183,472.001,957.827,0.000000,0.000000,13,30,7,23,7,2020
381,794,31.68,48.230,472.089,957.817,0.000000,0.000000,13,30,9,23,7,2020
382,797,31.69,48.175,472.246,957.799,0.000000,0.000000,13,30,12,23,7,2020
383,800,31.69,48.106,472.406,957.781,0.000000,0.000000,13,30,15,23,7,2020
384,801,31.70,48.163,472.450,957.776,0.000000,0.000000,13,30,16,23,7,2020
385,802,31.70,48.107,472.145,957.811,0.000000,0.000000,13,30,17,23,7,2020
386,803,31.71,48.119,471.992,957.828,0.000000,0.000000,13,30,18,23,7,2020
387,806,31.72,48.154,472.434,957.778,0.000000,0.000000,13,30,21,23,7,2020
388,808,31.73,48.031,472.095,957.816,0.000000,0.000000,13,30,23,23,7,2020
389,813,31.75,48.010,472.225,957.802,0.000000,0.000000,13,30,28,23,7,2020
390,814,31.76,48.000,472.002,957.827,0.000000,0.000000,13,30,29,23,7,2020
391,815,31.76,47.932,472.117,957.841,0.000000,0.000000,13,30,30,23,7,2020
392,817,31.76,47.978,471.695,957.862,0.000000,0.000000,13,30,32,23,7,2020
393,822,31.78,47.911,471.827,957.847,0.000000,0.000000,13,30,37,23,7,2020
394,823,31.78,47.956,472.368,957.785,0.000000,0.000000,13,30,38,23,7,2020
395,824,31.78,47.946,472.101,957.816,0.000000,0.000000,13,30,39,23,7,2020
396,826,31.78,47.911,471.944,957.834,0.000000,0.000000,13,30,41,23,7,2020
397,827,31.78,47.969,472.297,957.793,0.000000,0.000000,13,30,42,23,7,2020
398,832,31.80,47.891,472.233,957.801,0.000000,0.000000,13,30,47,23,7,2020
399,834,31.80,47.892,471.927,957.836,0.000000,0.000000,13,30,49,23,7,2020
400,839,31.82,47.836,472.057,957.821,0.000000,0.000000,13,30,54,23,7,2020
401,841,31.82,47.871,471.834,957.846,0.000000,0.000000,13,30,56,23,7,2020
402,846,31.84,47.905,472.231,957.801,0.000000,0.000000,13,31,1,23,7,2020
403,847,31.84,47.873,472.275,957.796,0.000000,0.000000,13,31,2,23,7,2020
404,849,31.85,47.806,471.821,957.848,0.000000,0.000000,13,31,4,23,7,2020
405,850,31.85,47.782,471.775,957.853,0.000000,0.000000,13,31,5,23,7,2020
406,852,31.85,47.828,471.936,957.835,0.000000,0.000000,13,31,7,23,7,2020
407,853,31.85,47.759,472.124,957.813,0.000000,0.000000,13,31,8,23,7,2020
408,857,31.86,47.749,472.173,957.807,0.000000,0.000000,13,31,12,23,7,2020
409,860,31.86,47.749,472.289,957.794,0.000000,0.000000,13,31,15,23,7,2020
410,864,31.87,47.704,472.414,957.780,0.000000,0.000000,13,31,19,23,7,2020
411,867,31.86,47.728,472.369,957.785,0.000000,0.000000,13,31,22,23,7,2020
412,872,31.88,47.695,472.312,957.792,0.000000,0.000000,13,31,27,23,7,2020
413,874,31.88,47.649,472.393,957.782,0.000000,0.000000,13,31,29,23,7,2020
414,877,31.89,47.673,472.745,957.742,0.000000,0.000000,13,31,32,23,7,2020
415,878,31.89,47.662,472.514,957.768,0.000000,0.000000,13,31,33,23,7,2020
416,879,31.89,47.650,472.050,957.822,0.000000,0.000000,13,31,34,23,7,2020
417,882,31.90,47.641,472.522,957.768,0.000000,0.000000,13,31,37,23,7,2020
418,883,31.90,47.584,472.254,957.798,0.000000,0.000000,13,31,38,23,7,2020
419,885,31.89,47.595,472.362,957.759,0.000000,0.000000,13,31,40,23,7,2020
420,888,31.90,47.595,472.218,957.802,0.000000,0.000000,13,31,43,23,7,2020
421,890,31.91,47.585,472.188,957.806,0.000000,0.000000,13,31,45,23,7,2020
422,891,31.91,47.597,472.188,957.806,0.000000,0.000000,13,31,46,23,7,2020
423,892,31.91,47.585,472.572,957.762,0.000000,0.000000,13,31,47,23,7,2020
424,895,31.91,47.574,472.072,957.819,0.000000,0.000000,13,31,50,23,7,2020
425,900,31.92,47.552,472.196,957.805,0.000000,0.000000,13,31,55,23,7,2020
426,901,31.93,47.496,472.936,957.720,0.000000,0.000000,13,31,56,23,7,2020
427,902,31.93,47.542,472.363,957.786,0.000000,0.000000,13,31,57,23,7,2020
428,903,31.93,47.508,472.363,957.786,0.000000,0.000000,13,31,58,23,7,2020
429,904,31.94,47.521,472.139,957.811,0.000000,0.000000,13,31,59,23,7,2020
430,906,31.95,47.452,472.180,957.807,0.000000,0.000000,13,32,1,23,7,2020
431,907,31.96,47.431,472.305,957.792,0.000000,0.000000,13,32,2,23,7,2020
432,913,31.97,47.397,472.275,957.796,0.000000,0.000000,13,32,8,23,7,2020
433,915,31.97,47.455,472.052,957.821,0.000000,0.000000,13,32,10,23,7,2020
434,919,31.99,47.422,472.413,957.780,0.000000,0.000000,13,32,14,23,7,2020
435,922,31.99,47.434,472.377,957.784,0.000000,0.000000,13,32,17,23,7,2020
436,925,32.00,47.412,472.270,957.796,0.000000,0.000000,13,32,20,23,7,2020
437,926,32.01,47.368,472.159,957.809,0.000000,0.000000,13,32,21,23,7,2020
438,927,32.00,47.379,472.310,957.792,0.000000,0.000000,13,32,22,23,7,2020
439,929,32.02,47.402,472.017,957.825,0.000000,0.000000,13,32,24,23,7,2020
440,932,32.02,47.425,472.479,957.772,0.000000,0.000000,13,32,27,23,7,2020
441,933,32.02,47.380,472.212,957.803,0.000000,0.000000,13,32,28,23,7,2020
442,934,32.02,47.426,472.403,957.781,0.000000,0.000000,13,32,29,23,7,2020
443,937,32.03,47.427,472.100,957.816,0.000000,0.000000,13,32,32,23,7,2020
444,938,32.04,47.348,472.339,957.788,0.000000,0.000000,13,32,33,23,7,2020
445,939,32.04,47.358,472.339,957.788,0.000000,0.000000,13,32,34,23,7,2020
446,940,32.03,47.325,472.419,957.771,0.000000,0.000000,13,32,35,23,7,2020
447,941,32.04,47.383,472.229,957.801,0.000000,0.000000,13,32,36,23,7,2020
448,942,32.04,47.303,472.345,957.788,0.000000,0.000000,13,32,37,23,7,2020
449,943,32.05,47.327,472.122,957.813,0.000000,0.000000,13,32,38,23,7,2020
450,945,32.05,47.350,472.238,957.800,0.000000,0.000000,13,32,40,23,7,2020
451,946,32.06,47.305,472.050,957.822,0.000000,0.000000,13,32,41,23,7,2020
452,947,32.06,47.294,472.629,957.755,0.000000,0.000000,13,32,42,23,7,2020
453,948,32.06,47.248,472.439,957.777,0.000000,0.000000,13,32,43,23,7,2020
454,954,32.08,47.228,472.108,957.815,0.000000,0.000000,13,32,49,23,7,2020
455,955,32.08,47.228,472.035,957.823,0.000000,0.000000,13,32,50,23,7,2020
456,957,32.07,47.238,472.492,957.771,0.000000,0.000000,13,32,52,23,7,2020
457,960,32.08,47.182,472.577,957.761,0.000000,0.000000,13,32,55,23,7,2020
458,964,32.08,47.205,472.577,957.761,0.000000,0.000000,13,32,59,23,7,2020
459,966,32.08,47.147,472.346,957.788,0.000000,0.000000,13,33,1,23,7,2020
460,967,32.08,47.205,471.999,957.828,0.000000,0.000000,13,33,2,23,7,2020
461,968,32.08,47.171,471.882,957.841,0.000000,0.000000,13,33,3,23,7,2020
462,970,32.09,47.173,472.434,957.778,0.000000,0.000000,13,33,5,23,7,2020
463,971,32.09,47.173,472.782,957.738,0.000000,0.000000,13,33,6,23,7,2020
464,972,32.10,47.127,472.164,957.809,0.000000,0.000000,13,33,7,23,7,2020
465,973,32.10,47.105,472.405,957.781,0.000000,0.000000,13,33,8,23,7,2020
466,974,32.11,47.140,472.137,957.812,0.000000,0.000000,13,33,9,23,7,2020
467,980,32.11,47.117,472.565,957.763,0.000000,0.000000,13,33,15,23,7,2020
468,981,32.11,47.117,472.217,957.802,0.000000,0.000000,13,33,16,23,7,2020
469,982,32.12,47.175,472.418,957.779,0.000000,0.000000,13,33,17,23,7,2020
470,983,32.12,47.084,472.339,957.789,0.000000,0.000000,13,33,18,23,7,2020
471,985,32.12,47.163,472.803,957.735,0.000000,0.000000,13,33,20,23,7,2020
472,987,32.11,47.128,472.181,957.807,0.000000,0.000000,13,33,22,23,7,2020
473,989,32.11,47.150,472.716,957.745,0.000000,0.000000,13,33,24,23,7,2020
474,992,32.11,47.174,473.064,957.705,0.000000,0.000000,13,33,27,23,7,2020
475,994,32.12,47.151,472.106,957.815,0.000000,0.000000,13,33,29,23,7,2020
476,995,32.12,47.129,473.034,957.709,0.000000,0.000000,13,33,30,23,7,2020
477,999,32.12,47.073,472.231,957.797,0.000000,0.000000,13,33,34,23,7,2020
478,1005,32.14,47.053,473.021,957.710,0.000000,0.000000,13,33,40,23,7,2020
479,1006,32.15,47.075,472.985,957.714,0.000000,0.000000,13,33,41,23,7,2020
480,1007,32.15,47.042,472.834,957.732,0.000000,0.000000,13,33,42,23,7,2020
481,1011,32.15,47.064,472.643,957.754,0.000000,0.000000,13,33,46,23,7,2020
482,1012,32.15,47.088,472.527,957.767,0.000000,0.000000,13,33,47,23,7,2020
483,1014,32.16,47.042,472.492,957.771,0.000000,0.000000,13,33,49,23,7,2020
484,1016,32.15,47.099,472.412,957.780,0.000000,0.000000,13,33,51,23,7,2020
485,1018,32.15,47.110,471.791,957.851,0.000000,0.000000,13,33,53,23,7,2020
486,1020,32.15,47.110,472.254,957.798,0.000000,0.000000,13,33,55,23,7,2020
487,1021,32.15,47.109,472.753,957.741,0.000000,0.000000,13,33,56,23,7,2020
488,1022,32.15,47.088,472.717,957.745,0.000000,0.000000,13,33,57,23,7,2020
489,1024,32.16,47.088,472.839,957.731,0.000000,0.000000,13,33,59,23,7,2020
490,1025,32.16,47.077,472.732,957.743,0.000000,0.000000,13,34,0,23,7,2020
491,1030,32.17,47.065,472.812,957.734,0.000000,0.000000,13,34,5,23,7,2020
492,1031,32.17,46.986,472.232,957.801,0.000000,0.000000,13,34,6,23,7,2020
493,1035,32.18,46.965,472.398,957.782,0.000000,0.000000,13,34,10,23,7,2020
494,1036,32.18,47.032,472.550,957.764,0.000000,0.000000,13,34,11,23,7,2020
495,1037,32.18,47.021,472.550,957.764,0.000000,0.000000,13,34,12,23,7,2020
496,1042,32.19,46.989,472.487,957.772,0.000000,0.000000,13,34,17,23,7,2020
497,1045,32.19,46.943,472.718,957.745,0.000000,0.000000,13,34,20,23,7,2020
498,1046,32.19,46.988,472.523,957.767,0.000000,0.000000,13,34,21,23,7,2020
499,1047,32.18,46.988,472.674,957.750,0.000000,0.000000,13,34,22,23,7,2020
500,1048,32.18,47.000,472.825,957.733,0.000000,0.000000,13,34,23,23,7,2020
501,1049,32.19,46.988,472.638,957.754,0.000000,0.000000,13,34,24,23,7,2020
502,1050,32.18,46.966,472.674,957.750,0.000000,0.000000,13,34,25,23,7,2020
503,1051,32.19,46.967,472.487,957.772,0.000000,0.000000,13,34,26,23,7,2020
504,1053,32.19,47.001,472.255,957.798,0.000000,0.000000,13,34,28,23,7,2020
505,1056,32.18,46.966,473.058,957.706,0.000000,0.000000,13,34,31,23,7,2020
506,1057,32.18,46.942,472.478,957.773,0.000000,0.000000,13,34,32,23,7,2020
507,1059,32.18,46.942,472.710,957.746,0.000000,0.000000,13,34,34,23,7,2020
508,1061,32.19,46.921,472.564,957.763,0.000000,0.000000,13,34,36,23,7,2020
509,1064,32.21,46.945,472.581,957.761,0.000000,0.000000,13,34,39,23,7,2020
510,1069,32.21,46.912,472.507,957.769,0.000000,0.000000,13,34,44,23,7,2020
511,1072,32.21,46.854,473.392,957.668,0.000000,0.000000,13,34,47,23,7,2020
512,1073,32.21,46.879,472.354,957.787,0.000000,0.000000,13,34,48,23,7,2020
513,1074,32.22,46.890,472.667,957.751,0.000000,0.000000,13,34,49,23,7,2020
514,1075,32.22,46.855,472.515,957.768,0.000000,0.000000,13,34,50,23,7,2020
515,1076,32.22,46.879,472.515,957.768,0.000000,0.000000,13,34,51,23,7,2020
516,1077,32.22,46.845,472.783,957.738,0.000000,0.000000,13,34,52,23,7,2020
517,1079,32.22,46.879,472.783,957.738,0.000000,0.000000,13,34,54,23,7,2020
518,1082,32.23,46.834,473.100,957.741,0.000000,0.000000,13,34,57,23,7,2020
519,1084,32.23,46.880,472.681,957.749,0.000000,0.000000,13,34,59,23,7,2020
520,1085,32.23,46.834,472.868,957.728,0.000000,0.000000,13,35,0,23,7,2020
521,1087,32.23,46.834,472.833,957.732,0.000000,0.000000,13,35,2,23,7,2020
522,1088,32.23,46.834,472.797,957.736,0.000000,0.000000,13,35,3,23,7,2020
523,1092,32.24,46.790,472.689,957.748,0.000000,0.000000,13,35,7,23,7,2020
524,1093,32.23,46.766,472.450,957.776,0.000000,0.000000,13,35,8,23,7,2020
525,1094,32.24,46.744,473.154,957.687,0.000000,0.000000,13,35,9,23,7,2020
526,1100,32.25,46.791,472.891,957.725,0.000000,0.000000,13,35,15,23,7,2020
527,1102,32.26,46.791,472.704,957.747,0.000000,0.000000,13,35,17,23,7,2020
528,1104,32.25,46.711,473.319,957.676,0.000000,0.000000,13,35,19,23,7,2020
529,1105,32.26,46.746,473.132,957.698,0.000000,0.000000,13,35,20,23,7,2020
530,1106,32.26,46.758,472.784,957.737,0.000000,0.000000,13,35,21,23,7,2020
531,1109,32.26,46.735,472.400,957.781,0.000000,0.000000,13,35,24,23,7,2020
532,1112,32.26,46.759,473.059,957.706,0.000000,0.000000,13,35,27,23,7,2020
533,1115,32.27,46.735,473.485,957.657,0.000000,0.000000,13,35,30,23,7,2020
534,1116,32.27,46.735,472.986,957.714,0.000000,0.000000,13,35,31,23,7,2020
535,1118,32.26,46.792,472.979,957.715,0.000000,0.000000,13,35,33,23,7,2020
536,1119,32.27,46.747,472.558,957.763,0.000000,0.000000,13,35,34,23,7,2020
537,1120,32.27,46.726,472.914,957.722,0.000000,0.000000,13,35,35,23,7,2020
538,1121,32.27,46.748,472.682,957.749,0.000000,0.000000,13,35,36,23,7,2020
539,1123,32.27,46.748,472.567,957.762,0.000000,0.000000,13,35,38,23,7,2020
540,1125,32.28,46.749,472.884,957.726,0.000000,0.000000,13,35,40,23,7,2020
541,1126,32.29,46.727,472.929,957.721,0.000000,0.000000,13,35,41,23,7,2020
542,1127,32.29,46.727,472.616,957.757,0.000000,0.000000,13,35,42,23,7,2020
543,1128,32.29,46.681,472.813,957.734,0.000000,0.000000,13,35,43,23,7,2020
544,1131,32.30,46.728,472.901,957.724,0.000000,0.000000,13,35,46,23,7,2020
545,1132,32.30,46.705,472.711,957.746,0.000000,0.000000,13,35,47,23,7,2020
546,1133,32.30,46.660,472.479,957.772,0.000000,0.000000,13,35,48,23,7,2020
547,1134,32.30,46.705,472.862,957.728,0.000000,0.000000,13,35,49,23,7,2020
548,1137,32.30,46.683,472.595,957.759,0.000000,0.000000,13,35,52,23,7,2020
549,1138,32.30,46.671,472.630,957.755,0.000000,0.000000,13,35,53,23,7,2020
550,1144,32.31,46.672,472.639,957.754,0.000000,0.000000,13,35,59,23,7,2020
551,1146,32.31,46.604,473.219,957.687,0.000000,0.000000,13,36,1,23,7,2020
552,1147,32.31,46.581,473.496,957.656,0.000000,0.000000,13,36,2,23,7,2020
553,1148,32.31,46.649,472.755,957.741,0.000000,0.000000,13,36,3,23,7,2020
554,1149,32.31,46.627,472.452,957.776,0.000000,0.000000,13,36,4,23,7,2020
555,1150,32.31,46.604,472.719,957.745,0.000000,0.000000,13,36,5,23,7,2020
556,1156,32.30,46.626,472.630,957.755,0.000000,0.000000,13,36,11,23,7,2020
557,1157,32.31,46.695,472.372,957.785,0.000000,0.000000,13,36,12,23,7,2020
558,1159,32.31,46.627,472.755,957.741,0.000000,0.000000,13,36,14,23,7,2020
559,1160,32.30,46.683,473.058,957.706,0.000000,0.000000,13,36,15,23,7,2020
560,1161,32.30,46.660,473.058,957.706,0.000000,0.000000,13,36,16,23,7,2020
561,1162,32.30,46.626,473.058,957.706,0.000000,0.000000,13,36,17,23,7,2020
562,1163,32.31,46.672,472.907,957.723,0.000000,0.000000,13,36,18,23,7,2020
563,1169,32.31,46.604,472.755,957.741,0.000000,0.000000,13,36,24,23,7,2020
564,1170,32.31,46.615,472.835,957.732,0.000000,0.000000,13,36,25,23,7,2020
565,1173,32.31,46.570,472.951,957.718,0.000000,0.000000,13,36,28,23,7,2020
566,1174,32.30,46.604,472.827,957.732,0.000000,0.000000,13,36,29,23,7,2020
567,1177,32.27,46.622,472.674,957.750,0.000000,0.000000,13,36,32,23,7,2020
568,1179,32.25,46.666,472.624,957.756,0.000000,0.000000,13,36,34,23,7,2020
569,1180,32.26,46.667,472.552,957.764,0.000000,0.000000,13,36,35,23,7,2020
570,1181,32.25,46.699,472.624,957.756,0.000000,0.000000,13,36,36,23,7,2020
571,1182,32.24,46.756,472.842,957.731,0.000000,0.000000,13,36,37,23,7,2020
572,1184,32.23,46.709,472.797,957.736,0.000000,0.000000,13,36,39,23,7,2020
573,1186,32.17,46.760,472.506,957.769,0.000000,0.000000,13,36,41,23,7,2020
574,1188,32.10,46.867,472.440,957.777,0.000000,0.000000,13,36,43,23,7,2020
575,1189,32.08,46.921,472.766,957.740,0.000000,0.000000,13,36,44,23,7,2020
576,1190,32.06,46.953,473.099,957.701,0.000000,0.000000,13,36,45,23,7,2020
577,1191,32.05,47.009,472.434,957.778,0.000000,0.000000,13,36,46,23,7,2020
578,1192,32.04,46.985,472.809,957.735,0.000000,0.000000,13,36,47,23,7,2020
579,1194,32.07,47.057,472.608,957.758,0.000000,0.000000,13,36,49,23,7,2020
580,1195,32.07,47.102,473.027,957.710,0.000000,0.000000,13,36,50,23,7,2020
581,1197,32.11,47.072,472.722,957.745,0.000000,0.000000,13,36,52,23,7,2020
582,1198,32.13,47.153,472.463,957.774,0.000000,0.000000,13,36,53,23,7,2020
583,1200,32.14,47.154,472.477,957.773,0.000000,0.000000,13,36,55,23,7,2020
584,1207,32.18,47.182,473.138,957.697,0.000000,0.000000,13,37,2,23,7,2020
585,1208,32.19,47.217,472.645,957.753,0.000000,0.000000,13,37,3,23,7,2020
586,1209,32.20,47.251,472.653,957.753,0.000000,0.000000,13,37,4,23,7,2020
587,1213,32.22,47.083,473.211,957.688,0.000000,0.000000,13,37,8,23,7,2020
588,1216,32.23,47.083,473.139,957.697,0.000000,0.000000,13,37,11,23,7,2020
589,1220,32.23,47.049,473.255,957.683,0.000000,0.000000,13,37,15,23,7,2020
590,1222,32.24,47.073,472.957,957.718,0.000000,0.000000,13,37,17,23,7,2020
591,1223,32.24,47.017,472.885,957.726,0.000000,0.000000,13,37,18,23,7,2020
592,1227,32.26,47.030,472.588,957.760,0.000000,0.000000,13,37,22,23,7,2020
593,1229,32.26,46.929,472.828,957.732,0.000000,0.000000,13,37,24,23,7,2020
594,1230,32.26,46.975,473.408,957.666,0.000000,0.000000,13,37,25,23,7,2020
595,1231,32.27,46.895,472.370,957.785,0.000000,0.000000,13,37,26,23,7,2020
596,1232,32.27,46.929,472.522,957.768,0.000000,0.000000,13,37,27,23,7,2020
597,1233,32.27,46.918,473.182,957.692,0.000000,0.000000,13,37,28,23,7,2020
598,1234,32.27,46.907,472.798,957.736,0.000000,0.000000,13,37,29,23,7,2020
599,1235,32.28,46.896,472.878,957.727,0.000000,0.000000,13,37,30,23,7,2020
600,1237,32.28,46.827,472.726,957.744,0.000000,0.000000,13,37,32,23,7,2020
601,1239,32.28,46.861,472.958,957.717,0.000000,0.000000,13,37,34,23,7,2020
602,1240,32.29,46.862,472.893,957.725,0.000000,0.000000,13,37,35,23,7,2020
603,1242,32.30,46.807,472.937,957.720,0.000000,0.000000,13,37,37,23,7,2020
604,1243,32.30,46.704,472.785,957.737,0.000000,0.000000,13,37,38,23,7,2020
605,1245,32.30,46.682,472.901,957.724,0.000000,0.000000,13,37,40,23,7,2020
606,1246,32.30,46.784,473.284,957.680,0.000000,0.000000,13,37,41,23,7,2020
607,1253,32.30,46.716,472.821,957.733,0.000000,0.000000,13,37,48,23,7,2020
608,1254,32.30,46.660,473.406,957.666,0.000000,0.000000,13,37,49,23,7,2020
609,1255,32.30,46.693,472.901,957.724,0.000000,0.000000,13,37,50,23,7,2020
610,1257,32.29,46.658,473.008,957.712,0.000000,0.000000,13,37,52,23,7,2020
611,1260,32.30,46.738,472.821,957.733,0.000000,0.000000,13,37,55,23,7,2020
612,1265,32.27,46.793,473.146,957.696,0.000000,0.000000,13,38,0,23,7,2020
613,1269,32.29,46.783,472.733,957.743,0.000000,0.000000,13,38,4,23,7,2020
614,1270,32.29,46.818,472.973,957.716,0.000000,0.000000,13,38,5,23,7,2020
615,1271,32.29,46.818,472.857,957.729,0.000000,0.000000,13,38,6,23,7,2020
616,1273,32.31,46.763,472.755,957.741,0.000000,0.000000,13,38,8,23,7,2020
617,1274,32.31,46.831,473.219,957.687,0.000000,0.000000,13,38,9,23,7,2020
618,1275,32.32,46.763,472.764,957.740,0.000000,0.000000,13,38,10,23,7,2020
619,1278,32.32,46.661,472.844,957.731,0.000000,0.000000,13,38,13,23,7,2020
620,1286,32.34,46.629,472.974,957.716,0.000000,0.000000,13,38,21,23,7,2020
621,1287,32.34,46.675,472.900,957.724,0.000000,0.000000,13,38,22,23,7,2020
622,1293,32.35,46.608,473.256,957.683,0.000000,0.000000,13,38,28,23,7,2020
623,1298,32.35,46.642,473.184,957.691,0.000000,0.000000,13,38,33,23,7,2020
624,1303,32.36,46.597,473.148,957.696,0.000000,0.000000,13,38,38,23,7,2020
625,1304,32.36,46.619,473.264,957.682,0.000000,0.000000,13,38,39,23,7,2020
626,1306,32.35,46.585,473.068,957.705,0.000000,0.000000,13,38,41,23,7,2020
627,1307,32.36,46.563,472.801,957.735,0.000000,0.000000,13,38,42,23,7,2020
628,1309,32.35,46.574,473.184,957.691,0.000000,0.000000,13,38,44,23,7,2020
629,1313,32.36,46.575,472.917,957.722,0.000000,0.000000,13,38,48,23,7,2020
630,1315,32.36,46.586,473.154,957.695,0.000000,0.000000,13,38,50,23,7,2020
631,1316,32.36,46.563,473.154,957.695,0.000000,0.000000,13,38,51,23,7,2020
632,1317,32.36,46.552,473.039,957.708,0.000000,0.000000,13,38,52,23,7,2020
633,1320,32.37,46.541,473.118,957.699,0.000000,0.000000,13,38,55,23,7,2020
634,1322,32.36,46.563,473.190,957.691,0.000000,0.000000,13,38,57,23,7,2020
635,1323,32.37,46.576,473.314,957.677,0.000000,0.000000,13,38,58,23,7,2020
636,1324,32.37,46.599,472.815,957.734,0.000000,0.000000,13,38,59,23,7,2020
637,1325,32.37,46.484,472.931,957.721,0.000000,0.000000,13,39,0,23,7,2020
638,1330,32.37,46.518,473.003,957.712,0.000000,0.000000,13,39,5,23,7,2020
639,1331,32.37,46.529,472.887,957.726,0.000000,0.000000,13,39,6,23,7,2020
640,1332,32.37,46.552,473.234,957.686,0.000000,0.000000,13,39,7,23,7,2020
641,1337,32.38,46.463,472.865,957.728,0.000000,0.000000,13,39,12,23,7,2020
642,1338,32.39,46.420,472.374,957.784,0.000000,0.000000,13,39,13,23,7,2020
643,1341,32.40,46.442,473.147,957.696,0.000000,0.000000,13,39,16,23,7,2020
644,1344,32.40,46.477,473.112,957.700,0.000000,0.000000,13,39,19,23,7,2020
645,1347,32.41,46.409,473.049,957.707,0.000000,0.000000,13,39,22,23,7,2020
646,1348,32.41,46.387,472.968,957.716,0.000000,0.000000,13,39,23,23,7,2020
647,1353,32.43,46.343,472.983,957.715,0.000000,0.000000,13,39,28,23,7,2020
648,1358,32.42,46.354,472.591,957.760,0.000000,0.000000,13,39,33,23,7,2020
649,1359,32.41,46.318,473.280,957.680,0.000000,0.000000,13,39,34,23,7,2020
650,1362,32.41,46.363,472.468,957.774,0.000000,0.000000,13,39,37,23,7,2020
651,1363,32.41,46.363,473.165,957.694,0.000000,0.000000,13,39,38,23,7,2020
652,1366,32.41,46.353,473.396,957.667,0.000000,0.000000,13,39,41,23,7,2020
653,1367,32.41,46.363,473.049,957.707,0.000000,0.000000,13,39,42,23,7,2020
654,1372,32.43,46.365,472.750,957.741,0.000000,0.000000,13,39,47,23,7,2020
655,1374,32.43,46.377,472.563,957.763,0.000000,0.000000,13,39,49,23,7,2020
656,1376,32.43,46.331,472.988,957.714,0.000000,0.000000,13,39,51,23,7,2020
657,1387,32.45,46.266,472.774,957.739,0.000000,0.000000,13,40,2,23,7,2020
658,1388,32.45,46.220,473.202,957.690,0.000000,0.000000,13,40,3,23,7,2020
659,1389,32.45,46.267,473.047,957.707,0.000000,0.000000,13,40,4,23,7,2020
660,1392,32.46,46.243,473.671,957.636,0.000000,0.000000,13,40,7,23,7,2020
661,1393,32.46,46.268,473.251,957.684,0.000000,0.000000,13,40,8,23,7,2020
662,1395,32.46,46.256,473.056,957.706,0.000000,0.000000,13,40,10,23,7,2020
663,1401,32.47,46.268,473.100,957.701,0.000000,0.000000,13,40,16,23,7,2020
664,1402,32.47,46.279,472.910,957.723,0.000000,0.000000,13,40,17,23,7,2020
665,1405,32.48,46.268,472.954,957.718,0.000000,0.000000,13,40,20,23,7,2020
666,1410,32.48,46.269,472.998,957.713,0.000000,0.000000,13,40,25,23,7,2020
667,1413,32.48,46.212,473.078,957.704,0.000000,0.000000,13,40,28,23,7,2020
668,1418,32.49,46.293,473.200,957.690,0.000000,0.000000,13,40,33,23,7,2020
669,1419,32.49,46.213,472.463,957.774,0.000000,0.000000,13,40,34,23,7,2020
670,1420,32.48,46.257,473.302,957.678,0.000000,0.000000,13,40,35,23,7,2020
671,1421,32.48,46.245,473.034,957.709,0.000000,0.000000,13,40,36,23,7,2020
672,1423,32.48,46.245,472.918,957.722,0.000000,0.000000,13,40,38,23,7,2020
673,1424,32.48,46.246,472.883,957.726,0.000000,0.000000,13,40,39,23,7,2020
674,1425,32.48,46.235,472.650,957.753,0.000000,0.000000,13,40,40,23,7,2020
675,1427,32.48,46.188,472.803,957.735,0.000000,0.000000,13,40,42,23,7,2020
676,1428,32.48,46.246,472.767,957.739,0.000000,0.000000,13,40,43,23,7,2020
677,1429,32.47,46.245,472.990,957.714,0.000000,0.000000,13,40,44,23,7,2020
678,1431,32.47,46.222,472.868,957.728,0.000000,0.000000,13,40,46,23,7,2020
679,1432,32.46,46.209,473.671,957.636,0.000000,0.000000,13,40,47,23,7,2020
680,1433,32.45,46.276,473.433,957.663,0.000000,0.000000,13,40,48,23,7,2020
681,1434,32.46,46.335,473.127,957.698,0.000000,0.000000,13,40,49,23,7,2020
682,1436,32.47,46.268,473.216,957.688,0.000000,0.000000,13,40,51,23,7,2020
683,1437,32.47,46.222,472.984,957.714,0.000000,0.000000,13,40,52,23,7,2020
684,1439,32.47,46.234,472.794,957.736,0.000000,0.000000,13,40,54,23,7,2020
685,1440,32.47,46.325,472.948,957.719,0.000000,0.000000,13,40,55,23,7,2020
686,1441,32.47,46.427,473.374,957.670,0.000000,0.000000,13,40,56,23,7,2020
687,1442,32.47,46.438,473.221,957.687,0.000000,0.000000,13,40,57,23,7,2020
688,1443,32.47,46.427,473.025,957.710,0.000000,0.000000,13,40,58,23,7,2020
689,1445,32.47,46.335,472.868,957.728,0.000000,0.000000,13,41,0,23,7,2020
690,1446,32.47,46.335,472.984,957.714,0.000000,0.000000,13,41,1,23,7,2020
691,1447,32.47,46.301,473.332,957.675,0.000000,0.000000,13,41,2,23,7,2020
692,1448,32.47,46.211,473.180,957.692,0.000000,0.000000,13,41,3,23,7,2020
693,1449,32.47,46.268,472.948,957.719,0.000000,0.000000,13,41,4,23,7,2020
694,1451,32.47,46.200,473.296,957.679,0.000000,0.000000,13,41,6,23,7,2020
695,1453,32.47,46.245,473.221,957.687,0.000000,0.000000,13,41,8,23,7,2020
696,1455,32.48,46.109,473.533,957.651,0.000000,0.000000,13,41,10,23,7,2020
697,1458,32.47,46.279,473.106,957.700,0.000000,0.000000,13,41,13,23,7,2020
698,1459,32.47,46.245,473.221,957.687,0.000000,0.000000,13,41,14,23,7,2020
699,1460,32.48,46.223,473.150,957.695,0.000000,0.000000,13,41,15,23,7,2020
700,1462,32.48,46.257,473.186,957.691,0.000000,0.000000,13,41,17,23,7,2020
701,1464,32.46,46.358,472.904,957.724,0.000000,0.000000,13,41,19,23,7,2020
702,1466,32.46,46.449,473.251,957.684,0.000000,0.000000,13,41,21,23,7,2020
703,1469,32.48,46.291,473.186,957.691,0.000000,0.000000,13,41,24,23,7,2020
704,1470,32.48,46.245,473.614,957.642,0.000000,0.000000,13,41,25,23,7,2020
705,1473,32.48,46.371,473.310,957.677,0.000000,0.000000,13,41,28,23,7,2020
706,1475,32.48,46.394,473.543,957.650,0.000000,0.000000,13,41,30,23,7,2020
707,1476,32.49,46.304,473.391,957.668,0.000000,0.000000,13,41,31,23,7,2020
708,1482,32.49,46.202,473.200,957.690,0.000000,0.000000,13,41,37,23,7,2020
709,1483,32.49,46.225,473.629,957.640,0.000000,0.000000,13,41,38,23,7,2020
710,1484,32.49,46.122,473.005,957.712,0.000000,0.000000,13,41,39,23,7,2020
711,1488,32.46,46.188,473.020,957.710,0.000000,0.000000,13,41,43,23,7,2020
712,1489,32.47,46.199,473.216,957.688,0.000000,0.000000,13,41,44,23,7,2020
713,1491,32.46,46.187,473.555,957.649,0.000000,0.000000,13,41,46,23,7,2020
714,1493,32.46,46.187,473.092,957.702,0.000000,0.000000,13,41,48,23,7,2020
715,1497,32.48,46.223,473.382,957.669,0.000000,0.000000,13,41,52,23,7,2020
716,1498,32.48,46.177,473.533,957.651,0.000000,0.000000,13,41,53,23,7,2020
717,1501,32.48,46.166,473.498,957.655,0.000000,0.000000,13,41,56,23,7,2020
718,1502,32.48,46.120,473.382,957.669,0.000000,0.000000,13,41,57,23,7,2020
719,1505,32.47,46.109,473.025,957.710,0.000000,0.000000,13,42,0,23,7,2020
720,1509,32.47,46.052,473.106,957.700,0.000000,0.000000,13,42,4,23,7,2020
721,1513,32.48,46.178,472.883,957.726,0.000000,0.000000,13,42,8,23,7,2020
722,1515,32.48,46.167,473.426,957.664,0.000000,0.000000,13,42,10,23,7,2020
723,1516,32.48,46.155,473.774,957.624,0.000000,0.000000,13,42,11,23,7,2020
724,1518,32.49,46.122,473.275,957.681,0.000000,0.000000,13,42,13,23,7,2020
725,1523,32.49,46.088,473.468,957.659,0.000000,0.000000,13,42,18,23,7,2020
726,1524,32.49,46.088,473.664,957.636,0.000000,0.000000,13,42,19,23,7,2020
727,1525,32.50,46.145,473.245,957.685,0.000000,0.000000,13,42,20,23,7,2020
728,1526,32.49,46.100,473.280,957.680,0.000000,0.000000,13,42,21,23,7,2020
729,1527,32.49,46.122,473.745,957.627,0.000000,0.000000,13,42,22,23,7,2020
730,1529,32.49,46.110,473.275,957.681,0.000000,0.000000,13,42,24,23,7,2020
731,1530,32.49,46.100,473.513,957.654,0.000000,0.000000,13,42,25,23,7,2020
732,1531,32.50,46.134,473.129,957.698,0.000000,0.000000,13,42,26,23,7,2020
733,1532,32.49,46.134,473.084,957.703,0.000000,0.000000,13,42,27,23,7,2020
734,1534,32.49,46.145,473.280,957.680,0.000000,0.000000,13,42,29,23,7,2020
735,1535,32.49,46.156,473.397,957.667,0.000000,0.000000,13,42,30,23,7,2020
736,1538,32.50,46.122,473.360,957.671,0.000000,0.000000,13,42,33,23,7,2020
737,1540,32.49,46.054,473.513,957.646,0.000000,0.000000,13,42,35,23,7,2020
738,1541,32.49,46.110,473.159,957.694,0.000000,0.000000,13,42,36,23,7,2020
739,1543,32.49,46.100,473.275,957.681,0.000000,0.000000,13,42,38,23,7,2020
740,1545,32.49,46.190,473.084,957.703,0.000000,0.000000,13,42,40,23,7,2020
741,1546,32.49,46.145,473.316,957.676,0.000000,0.000000,13,42,41,23,7,2020
742,1554,32.49,46.145,473.049,957.707,0.000000,0.000000,13,42,49,23,7,2020
743,1555,32.49,46.156,473.165,957.694,0.000000,0.000000,13,42,50,23,7,2020
744,1556,32.49,46.145,473.236,957.685,0.000000,0.000000,13,42,51,23,7,2020
745,1558,32.48,46.188,473.267,957.682,0.000000,0.000000,13,42,53,23,7,2020
746,1559,32.48,46.132,473.267,957.682,0.000000,0.000000,13,42,54,23,7,2020
747,1561,32.48,46.189,473.195,957.690,0.000000,0.000000,13,42,56,23,7,2020
748,1562,32.49,46.156,473.506,957.655,0.000000,0.000000,13,42,57,23,7,2020
749,1563,32.49,46.202,473.468,957.659,0.000000,0.000000,13,42,58,23,7,2020
750,1565,32.49,46.110,473.043,957.708,0.000000,0.000000,13,43,0,23,7,2020
751,1566,32.49,46.088,473.165,957.694,0.000000,0.000000,13,43,1,23,7,2020
752,1568,32.49,46.156,473.200,957.690,0.000000,0.000000,13,43,3,23,7,2020
753,1570,32.50,46.032,473.406,957.666,0.000000,0.000000,13,43,5,23,7,2020
754,1571,32.50,46.077,472.906,957.723,0.000000,0.000000,13,43,6,23,7,2020
755,1572,32.50,46.065,473.325,957.675,0.000000,0.000000,13,43,7,23,7,2020
756,1574,32.50,46.122,473.209,957.689,0.000000,0.000000,13,43,9,23,7,2020
757,1576,32.49,46.110,473.280,957.680,0.000000,0.000000,13,43,11,23,7,2020
758,1582,32.47,46.132,473.802,957.621,0.000000,0.000000,13,43,17,23,7,2020
759,1586,32.49,46.168,472.888,957.725,0.000000,0.000000,13,43,21,23,7,2020
760,1588,32.49,46.156,473.165,957.694,0.000000,0.000000,13,43,23,23,7,2020
761,1591,32.50,46.134,473.093,957.702,0.000000,0.000000,13,43,26,23,7,2020
762,1595,32.49,46.145,473.397,957.667,0.000000,0.000000,13,43,30,23,7,2020
763,1596,32.49,46.122,473.200,957.690,0.000000,0.000000,13,43,31,23,7,2020
764,1601,32.50,46.122,472.861,957.729,0.000000,0.000000,13,43,36,23,7,2020
765,1603,32.49,46.168,473.120,957.699,0.000000,0.000000,13,43,38,23,7,2020
766,1606,32.50,46.111,473.369,957.670,0.000000,0.000000,13,43,41,23,7,2020
767,1608,32.51,46.146,473.179,957.692,0.000000,0.000000,13,43,43,23,7,2020
768,1610,32.52,46.147,472.992,957.714,0.000000,0.000000,13,43,45,23,7,2020
769,1612,32.52,46.182,473.151,957.695,0.000000,0.000000,13,43,47,23,7,2020
770,1615,32.53,46.159,473.776,957.624,0.000000,0.000000,13,43,50,23,7,2020
771,1616,32.52,46.103,473.348,957.673,0.000000,0.000000,13,43,51,23,7,2020
772,1619,32.52,46.113,473.232,957.686,0.000000,0.000000,13,43,54,23,7,2020
773,1620,32.53,46.114,473.042,957.708,0.000000,0.000000,13,43,55,23,7,2020
774,1621,32.53,46.114,473.273,957.681,0.000000,0.000000,13,43,56,23,7,2020
775,1622,32.53,46.138,473.202,957.689,0.000000,0.000000,13,43,57,23,7,2020
776,1623,32.53,46.113,472.964,957.717,0.000000,0.000000,13,43,58,23,7,2020
777,1625,32.53,46.126,473.042,957.708,0.000000,0.000000,13,44,0,23,7,2020
778,1629,32.52,46.137,472.688,957.748,0.000000,0.000000,13,44,4,23,7,2020
779,1631,32.52,46.113,473.107,957.700,0.000000,0.000000,13,44,6,23,7,2020
780,1632,32.51,46.158,473.027,957.710,0.000000,0.000000,13,44,7,23,7,2020
781,1633,32.52,46.147,473.339,957.674,0.000000,0.000000,13,44,8,23,7,2020
782,1634,32.52,46.171,473.268,957.682,0.000000,0.000000,13,44,9,23,7,2020
783,1636,32.51,46.146,473.143,957.696,0.000000,0.000000,13,44,11,23,7,2020
784,1637,32.52,46.125,473.188,957.691,0.000000,0.000000,13,44,12,23,7,2020
785,1638,32.51,46.181,473.179,957.692,0.000000,0.000000,13,44,13,23,7,2020
786,1639,32.51,46.146,473.027,957.710,0.000000,0.000000,13,44,14,23,7,2020
787,1640,32.51,46.158,473.839,957.616,0.000000,0.000000,13,44,15,23,7,2020
788,1643,32.51,46.192,473.215,957.688,0.000000,0.000000,13,44,18,23,7,2020
789,1644,32.51,46.136,473.527,957.652,0.000000,0.000000,13,44,19,23,7,2020
790,1646,32.51,46.181,472.911,957.723,0.000000,0.000000,13,44,21,23,7,2020
791,1650,32.51,46.146,473.215,957.688,0.000000,0.000000,13,44,25,23,7,2020
792,1651,32.51,46.056,473.259,957.683,0.000000,0.000000,13,44,26,23,7,2020
793,1654,32.50,46.169,473.602,957.644,0.000000,0.000000,13,44,29,23,7,2020
794,1656,32.51,46.090,473.330,957.675,0.000000,0.000000,13,44,31,23,7,2020
795,1661,32.52,46.113,473.304,957.678,0.000000,0.000000,13,44,36,23,7,2020
796,1663,32.52,46.159,473.499,957.695,0.000000,0.000000,13,44,38,23,7,2020
797,1664,32.53,46.091,473.545,957.650,0.000000,0.000000,13,44,39,23,7,2020
798,1665,32.52,46.125,473.116,957.699,0.000000,0.000000,13,44,40,23,7,2020
799,1666,32.52,46.125,473.616,957.642,0.000000,0.000000,13,44,41,23,7,2020
800,1668,32.52,46.125,473.188,957.691,0.000000,0.000000,13,44,43,23,7,2020
801,1674,32.50,46.157,473.022,957.710,0.000000,0.000000,13,44,49,23,7,2020
802,1678,32.49,46.110,473.397,957.667,0.000000,0.000000,13,44,53,23,7,2020
803,1681,32.50,46.134,473.209,957.689,0.000000,0.000000,13,44,56,23,7,2020
804,1682,32.50,46.168,473.672,957.635,0.000000,0.000000,13,44,57,23,7,2020
805,1683,32.50,46.156,472.976,957.715,0.000000,0.000000,13,44,58,23,7,2020
806,1686,32.50,46.111,473.602,957.644,0.000000,0.000000,13,45,1,23,7,2020
807,1691,32.52,46.363,473.036,957.708,0.000000,0.000000,13,45,6,23,7,2020
808,1693,32.52,46.284,473.072,957.704,0.000000,0.000000,13,45,8,23,7,2020
809,1694,32.53,46.228,473.428,957.664,0.000000,0.000000,13,45,9,23,7,2020
810,1695,32.53,46.228,473.660,957.637,0.000000,0.000000,13,45,10,23,7,2020
811,1696,32.52,46.205,473.927,957.606,0.000000,0.000000,13,45,11,23,7,2020
812,1697,32.53,46.172,473.354,957.672,0.000000,0.000000,13,45,12,23,7,2020
813,1700,32.53,46.069,473.550,957.650,0.000000,0.000000,13,45,15,23,7,2020
814,1702,32.53,46.104,473.202,957.689,0.000000,0.000000,13,45,17,23,7,2020
815,1703,32.53,46.023,473.318,957.676,0.000000,0.000000,13,45,18,23,7,2020
816,1704,32.53,46.023,473.202,957.689,0.000000,0.000000,13,45,19,23,7,2020
817,1711,32.53,46.013,473.238,957.685,0.000000,0.000000,13,45,26,23,7,2020
818,1717,32.51,46.011,473.492,957.656,0.000000,0.000000,13,45,32,23,7,2020
819,1718,32.51,46.011,473.411,957.665,0.000000,0.000000,13,45,33,23,7,2020
820,1719,32.51,46.045,473.215,957.688,0.000000,0.000000,13,45,34,23,7,2020
821,1720,32.50,46.032,473.406,957.666,0.000000,0.000000,13,45,35,23,7,2020
822,1722,32.50,45.997,473.245,957.685,0.000000,0.000000,13,45,37,23,7,2020
823,1723,32.50,46.021,473.637,957.640,0.000000,0.000000,13,45,38,23,7,2020
824,1725,32.50,46.032,473.289,957.640,0.000000,0.000000,13,45,40,23,7,2020
825,1726,32.50,46.010,473.369,957.670,0.000000,0.000000,13,45,41,23,7,2020
826,1732,32.48,46.008,473.694,957.633,0.000000,0.000000,13,45,47,23,7,2020
827,1734,32.47,46.052,473.296,957.679,0.000000,0.000000,13,45,49,23,7,2020
828,1735,32.47,46.119,473.216,957.688,0.000000,0.000000,13,45,50,23,7,2020
829,1736,32.47,46.143,473.025,957.710,0.000000,0.000000,13,45,51,23,7,2020
830,1738,32.47,46.120,473.413,957.665,0.000000,0.000000,13,45,53,23,7,2020
831,1739,32.47,46.074,473.679,957.635,0.000000,0.000000,13,45,54,23,7,2020
832,1740,32.46,46.063,473.600,957.644,0.000000,0.000000,13,45,55,23,7,2020
833,1742,32.46,46.131,473.867,957.613,0.000000,0.000000,13,45,57,23,7,2020
834,1743,32.47,46.108,473.332,957.675,0.000000,0.000000,13,45,58,23,7,2020
835,1747,32.46,46.062,473.440,957.662,0.000000,0.000000,13,46,2,23,7,2020
836,1748,32.47,46.052,473.606,957.643,0.000000,0.000000,13,46,3,23,7,2020
837,1751,32.46,46.165,473.520,957.653,0.000000,0.000000,13,46,6,23,7,2020
838,1752,32.47,46.098,473.374,957.670,0.000000,0.000000,13,46,7,23,7,2020
839,1753,32.47,46.153,473.332,957.675,0.000000,0.000000,13,46,8,23,7,2020
840,1754,32.46,46.063,473.520,957.680,0.000000,0.000000,13,46,9,23,7,2020
841,1759,32.47,46.086,473.490,957.656,0.000000,0.000000,13,46,14,23,7,2020
842,1760,32.47,46.143,473.490,957.656,0.000000,0.000000,13,46,15,23,7,2020
843,1761,32.47,46.075,473.374,957.670,0.000000,0.000000,13,46,16,23,7,2020
844,1763,32.47,46.098,473.528,957.652,0.000000,0.000000,13,46,18,23,7,2020
845,1765,32.47,46.098,473.296,957.679,0.000000,0.000000,13,46,20,23,7,2020
846,1766,32.48,46.143,473.766,957.625,0.000000,0.000000,13,46,21,23,7,2020
847,1770,32.48,46.178,473.195,957.690,0.000000,0.000000,13,46,25,23,7,2020
848,1772,32.48,46.087,473.543,957.650,0.000000,0.000000,13,46,27,23,7,2020
849,1773,32.49,46.100,473.623,957.641,0.000000,0.000000,13,46,28,23,7,2020
850,1774,32.49,46.065,473.275,957.681,0.000000,0.000000,13,46,29,23,7,2020
851,1775,32.48,46.144,473.229,957.686,0.000000,0.000000,13,46,30,23,7,2020
852,1776,32.48,46.167,473.463,957.660,0.000000,0.000000,13,46,31,23,7,2020
853,1782,32.50,46.088,473.592,957.645,0.000000,0.000000,13,46,37,23,7,2020
854,1784,32.49,46.031,473.200,957.690,0.000000,0.000000,13,46,39,23,7,2020
855,1785,32.49,46.110,473.200,957.690,0.000000,0.000000,13,46,40,23,7,2020
856,1786,32.50,46.077,473.013,957.711,0.000000,0.000000,13,46,41,23,7,2020
857,1789,32.51,46.090,473.411,957.665,0.000000,0.000000,13,46,44,23,7,2020
858,1791,32.51,46.067,473.295,957.679,0.000000,0.000000,13,46,46,23,7,2020
859,1792,32.51,46.067,472.947,957.719,0.000000,0.000000,13,46,47,23,7,2020
860,1794,32.51,46.056,473.179,957.692,0.000000,0.000000,13,46,49,23,7,2020
861,1798,32.52,46.045,473.384,957.669,0.000000,0.000000,13,46,53,23,7,2020
862,1799,32.52,46.079,473.304,957.678,0.000000,0.000000,13,46,54,23,7,2020
863,1801,32.52,46.103,473.151,957.695,0.000000,0.000000,13,46,56,23,7,2020
864,1806,32.52,46.068,473.348,957.673,0.000000,0.000000,13,47,1,23,7,2020
865,1807,32.53,46.068,473.196,957.690,0.000000,0.000000,13,47,2,23,7,2020
866,1813,32.52,46.045,473.652,957.638,0.000000,0.000000,13,47,8,23,7,2020
867,1818,32.52,46.103,473.348,957.673,0.000000,0.000000,13,47,13,23,7,2020
868,1820,32.52,46.012,473.652,957.638,0.000000,0.000000,13,47,15,23,7,2020
869,1823,32.52,46.068,473.803,957.620,0.000000,0.000000,13,47,18,23,7,2020
870,1825,32.51,46.045,473.179,957.692,0.000000,0.000000,13,47,20,23,7,2020
871,1828,32.49,46.020,473.745,957.627,0.000000,0.000000,13,47,23,23,7,2020
872,1831,32.50,46.077,473.360,957.671,0.000000,0.000000,13,47,26,23,7,2020
873,1832,32.50,46.077,473.325,957.675,0.000000,0.000000,13,47,27,23,7,2020
874,1833,32.49,46.100,473.549,957.650,0.000000,0.000000,13,47,28,23,7,2020
875,1834,32.48,46.053,473.890,957.610,0.000000,0.000000,13,47,29,23,7,2020
876,1837,32.49,46.065,473.816,957.619,0.000000,0.000000,13,47,32,23,7,2020
877,1838,32.48,46.120,474.078,957.589,0.000000,0.000000,13,47,33,23,7,2020
878,1839,32.49,46.156,473.664,957.636,0.000000,0.000000,13,47,34,23,7,2020
879,1842,32.49,46.077,473.397,957.667,0.000000,0.000000,13,47,37,23,7,2020
880,1844,32.48,46.064,473.774,957.624,0.000000,0.000000,13,47,39,23,7,2020
881,1847,32.48,46.143,473.766,957.625,0.000000,0.000000,13,47,42,23,7,2020
882,1848,32.48,46.109,473.229,957.686,0.000000,0.000000,13,47,43,23,7,2020
883,1849,32.49,46.100,473.468,957.659,0.000000,0.000000,13,47,44,23,7,2020
884,1850,32.48,46.109,473.694,957.633,0.000000,0.000000,13,47,45,23,7,2020
885,1854,32.47,46.098,473.606,957.643,0.000000,0.000000,13,47,49,23,7,2020
886,1855,32.48,46.075,473.766,957.625,0.000000,0.000000,13,47,50,23,7,2020
887,1857,32.48,46.121,473.078,957.704,0.000000,0.000000,13,47,52,23,7,2020
888,1861,32.50,46.065,473.209,957.689,0.000000,0.000000,13,47,56,23,7,2020
889,1862,32.50,46.110,473.441,957.662,0.000000,0.000000,13,47,57,23,7,2020
890,1864,32.51,46.021,473.099,957.701,0.000000,0.000000,13,47,59,23,7,2020
891,1870,32.53,45.988,473.660,957.637,0.000000,0.000000,13,48,5,23,7,2020
892,1871,32.53,46.013,473.969,957.601,0.000000,0.000000,13,48,6,23,7,2020
893,1873,32.53,45.954,473.505,957.655,0.000000,0.000000,13,48,8,23,7,2020
894,1875,32.52,46.000,473.464,957.659,0.000000,0.000000,13,48,10,23,7,2020
895,1876,32.53,45.966,473.545,957.650,0.000000,0.000000,13,48,11,23,7,2020
896,1877,32.52,45.988,473.696,957.633,0.000000,0.000000,13,48,12,23,7,2020
897,1878,32.52,45.932,473.579,957.646,0.000000,0.000000,13,48,13,23,7,2020
898,1880,32.53,46.001,473.702,957.632,0.000000,0.000000,13,48,15,23,7,2020
899,1882,32.54,46.013,473.746,957.627,0.000000,0.000000,13,48,17,23,7,2020
900,1883,32.53,46.035,473.434,957.663,0.000000,0.000000,13,48,18,23,7,2020
901,1884,32.54,45.956,473.595,957.644,0.000000,0.000000,13,48,19,23,7,2020
902,1885,32.53,46.046,473.666,957.636,0.000000,0.000000,13,48,20,23,7,2020
903,1886,32.53,45.989,473.434,957.663,0.000000,0.000000,13,48,21,23,7,2020
904,1888,32.53,45.989,473.469,957.659,0.000000,0.000000,13,48,23,23,7,2020
905,1889,32.53,46.013,473.434,957.663,0.000000,0.000000,13,48,24,23,7,2020
906,1892,32.54,46.024,473.595,957.644,0.000000,0.000000,13,48,27,23,7,2020
907,1893,32.54,45.979,473.515,957.654,0.000000,0.000000,13,48,28,23,7,2020
908,1902,32.53,46.001,473.702,957.632,0.000000,0.000000,13,48,37,23,7,2020
909,1903,32.52,46.045,473.696,957.633,0.000000,0.000000,13,48,38,23,7,2020
910,1907,32.53,46.034,473.776,957.624,0.000000,0.000000,13,48,42,23,7,2020
911,1909,32.53,46.034,473.545,957.650,0.000000,0.000000,13,48,44,23,7,2020
912,1911,32.53,46.104,474.085,957.588,0.000000,0.000000,13,48,46,23,7,2020
913,1912,32.52,46.012,474.035,957.594,0.000000,0.000000,13,48,47,23,7,2020
914,1913,32.53,46.034,473.545,957.650,0.000000,0.000000,13,48,48,23,7,2020
915,1919,32.52,46.057,474.115,957.585,0.000000,0.000000,13,48,54,23,7,2020
916,1920,32.52,46.068,473.999,957.598,0.000000,0.000000,13,48,55,23,7,2020
917,1921,32.52,45.978,473.812,957.620,0.000000,0.000000,13,48,56,23,7,2020
918,1923,32.52,46.012,473.652,957.638,0.000000,0.000000,13,48,58,23,7,2020
919,1926,32.53,46.069,473.469,957.659,0.000000,0.000000,13,49,1,23,7,2020
920,1927,32.53,46.001,473.469,957.659,0.000000,0.000000,13,49,2,23,7,2020
921,1928,32.53,46.046,473.854,957.615,0.000000,0.000000,13,49,3,23,7,2020
922,1930,32.53,46.001,474.050,957.592,0.000000,0.000000,13,49,5,23,7,2020
923,1931,32.52,46.079,473.812,957.620,0.000000,0.000000,13,49,6,23,7,2020
924,1932,32.52,46.000,474.231,957.571,0.000000,0.000000,13,49,7,23,7,2020
925,1933,32.52,46.000,474.115,957.585,0.000000,0.000000,13,49,8,23,7,2020
926,1934,32.52,46.034,474.347,957.558,0.000000,0.000000,13,49,9,23,7,2020
927,1936,32.53,46.057,473.892,957.610,0.000000,0.000000,13,49,11,23,7,2020
928,1941,32.53,46.046,473.737,957.628,0.000000,0.000000,13,49,16,23,7,2020
929,1945,32.52,46.000,474.079,957.589,0.000000,0.000000,13,49,20,23,7,2020
930,1947,32.51,46.067,473.955,957.603,0.000000,0.000000,13,49,22,23,7,2020
931,1948,32.52,46.045,473.572,957.647,0.000000,0.000000,13,49,23,23,7,2020
932,1950,32.50,46.077,473.592,957.645,0.000000,0.000000,13,49,25,23,7,2020
933,1951,32.48,48.303,473.926,957.606,0.000000,0.000000,13,49,26,23,7,2020
934,2,31.03,56.948,473.455,957.660,0.000000,0.000000,13,51,44,23,7,2020
935,3,31.04,55.459,472.881,957.726,0.000000,0.000000,13,51,45,23,7,2020
936,6,31.01,52.233,473.474,957.658,0.000000,0.000000,13,51,48,23,7,2020
937,7,31.00,51.521,473.620,957.641,0.000000,0.000000,13,51,49,23,7,2020
938,8,31.00,50.920,473.460,957.660,0.000000,0.000000,13,51,50,23,7,2020
939,10,30.99,50.375,473.651,957.638,0.000000,0.000000,13,51,52,23,7,2020
940,11,30.99,50.160,473.766,957.625,0.000000,0.000000,13,51,53,23,7,2020
941,13,30.97,49.864,473.442,957.662,0.000000,0.000000,13,51,55,23,7,2020
942,14,30.96,49.852,473.852,957.615,0.000000,0.000000,13,51,56,23,7,2020
943,16,30.93,49.690,473.868,957.613,0.000000,0.000000,13,51,58,23,7,2020
944,17,30.93,49.610,473.398,957.667,0.000000,0.000000,13,51,59,23,7,2020
945,18,30.92,49.655,473.238,957.685,0.000000,0.000000,13,52,0,23,7,2020
946,19,30.92,49.586,473.043,957.708,0.000000,0.000000,13,52,1,23,7,2020
947,26,30.88,49.605,473.474,957.658,0.000000,0.000000,13,52,8,23,7,2020
948,27,30.89,49.630,473.481,957.657,0.000000,0.000000,13,52,9,23,7,2020
949,28,30.90,49.630,473.606,957.643,0.000000,0.000000,13,52,10,23,7,2020
950,29,30.90,49.585,473.839,957.616,0.000000,0.000000,13,52,11,23,7,2020
951,30,30.91,49.553,473.269,957.682,0.000000,0.000000,13,52,12,23,7,2020
952,33,30.91,49.632,473.927,957.606,0.000000,0.000000,13,52,15,23,7,2020
953,34,30.91,49.518,473.803,957.620,0.000000,0.000000,13,52,16,23,7,2020
954,39,30.89,49.550,473.285,957.680,0.000000,0.000000,13,52,21,23,7,2020
955,51,30.92,49.508,473.087,957.703,0.000000,0.000000,13,52,33,23,7,2020
956,54,30.93,49.419,473.443,957.662,0.000000,0.000000,13,52,36,23,7,2020
957,55,30.93,49.498,473.406,957.666,0.000000,0.000000,13,52,37,23,7,2020
958,56,30.94,49.420,473.643,957.639,0.000000,0.000000,13,52,38,23,7,2020
959,60,30.96,49.399,473.309,957.677,0.000000,0.000000,13,52,42,23,7,2020
960,62,30.96,49.444,473.772,957.624,0.000000,0.000000,13,52,44,23,7,2020
961,67,30.97,49.366,473.325,957.675,0.000000,0.000000,13,52,49,23,7,2020
962,68,30.98,49.367,473.447,957.661,0.000000,0.000000,13,52,50,23,7,2020
963,70,30.98,49.390,473.758,957.626,0.000000,0.000000,13,52,52,23,7,2020
964,71,30.98,49.345,473.758,957.626,0.000000,0.000000,13,52,53,23,7,2020
965,73,30.98,49.355,473.527,957.652,0.000000,0.000000,13,52,55,23,7,2020
966,74,30.98,49.390,473.643,957.639,0.000000,0.000000,13,52,56,23,7,2020
967,75,30.98,49.322,473.527,957.652,0.000000,0.000000,13,52,57,23,7,2020
968,76,30.98,49.345,473.866,957.613,0.000000,0.000000,13,52,58,23,7,2020
969,83,31.00,49.369,473.772,957.624,0.000000,0.000000,13,53,5,23,7,2020
970,85,31.01,49.370,473.896,957.610,0.000000,0.000000,13,53,7,23,7,2020
971,88,31.02,49.416,473.865,957.613,0.000000,0.000000,13,53,10,23,7,2020
972,91,31.03,49.440,473.379,957.669,0.000000,0.000000,13,53,13,23,7,2020
973,93,31.04,49.271,473.771,957.624,0.000000,0.000000,13,53,15,23,7,2020
974,96,31.04,49.373,473.540,957.651,0.000000,0.000000,13,53,18,23,7,2020
975,97,31.03,49.362,473.958,957.603,0.000000,0.000000,13,53,19,23,7,2020
976,103,31.05,49.285,473.589,957.645,0.000000,0.000000,13,53,25,23,7,2020
977,105,31.06,49.308,473.713,957.631,0.000000,0.000000,13,53,27,23,7,2020
978,106,31.06,49.273,473.250,957.684,0.000000,0.000000,13,53,28,23,7,2020
979,109,31.08,49.311,473.423,957.664,0.000000,0.000000,13,53,31,23,7,2020
980,111,31.10,49.255,473.205,957.689,0.000000,0.000000,13,53,33,23,7,2020
981,113,31.10,49.243,473.437,957.662,0.000000,0.000000,13,53,35,23,7,2020
982,118,31.11,49.178,473.949,957.604,0.000000,0.000000,13,53,40,23,7,2020
983,120,31.11,49.145,473.994,957.599,0.000000,0.000000,13,53,42,23,7,2020
984,121,31.12,49.156,473.574,957.647,0.000000,0.000000,13,53,43,23,7,2020
985,123,31.13,49.247,473.624,957.641,0.000000,0.000000,13,53,45,23,7,2020
986,124,31.13,49.101,473.971,957.601,0.000000,0.000000,13,53,46,23,7,2020
987,125,31.13,49.168,473.740,957.628,0.000000,0.000000,13,53,47,23,7,2020
988,133,31.16,49.081,473.690,957.633,0.000000,0.000000,13,53,55,23,7,2020
989,134,31.17,49.036,473.545,957.650,0.000000,0.000000,13,53,56,23,7,2020
990,135,31.17,49.025,473.660,957.637,0.000000,0.000000,13,53,57,23,7,2020
991,139,31.16,49.047,473.690,957.633,0.000000,0.000000,13,54,1,23,7,2020
992,140,31.17,49.059,473.616,957.642,0.000000,0.000000,13,54,2,23,7,2020
993,141,31.17,49.014,473.696,957.633,0.000000,0.000000,13,54,3,23,7,2020
994,142,31.17,49.048,473.499,957.655,0.000000,0.000000,13,54,4,23,7,2020
995,143,31.16,49.024,473.494,957.656,0.000000,0.000000,13,54,5,23,7,2020
996,146,31.15,49.069,473.762,957.625,0.000000,0.000000,13,54,8,23,7,2020
997,147,31.15,48.989,473.522,957.653,0.000000,0.000000,13,54,9,23,7,2020
998,151,31.16,49.070,473.535,957.651,0.000000,0.000000,13,54,13,23,7,2020
999,154,31.18,49.062,473.709,957.631,0.000000,0.000000,13,54,16,23,7,2020
1000,155,31.19,49.016,473.717,957.630,0.000000,0.000000,13,54,17,23,7,2020
1001,156,31.19,48.948,473.717,957.630,0.000000,0.000000,13,54,18,23,7,2020
1002,157,31.20,48.893,473.645,957.639,0.000000,0.000000,13,54,19,23,7,2020
1003,159,31.20,48.916,474.114,957.585,0.000000,0.000000,13,54,21,23,7,2020
1004,166,31.23,48.862,474.028,957.595,0.000000,0.000000,13,54,28,23,7,2020
1005,168,31.23,48.840,473.758,957.590,0.000000,0.000000,13,54,30,23,7,2020
1006,170,31.24,48.862,473.839,957.616,0.000000,0.000000,13,54,32,23,7,2020
1007,172,31.24,48.875,473.918,957.607,0.000000,0.000000,13,54,34,23,7,2020
1008,176,31.25,48.819,473.543,957.650,0.000000,0.000000,13,54,38,23,7,2020
1009,183,31.26,48.740,473.585,957.645,0.000000,0.000000,13,54,45,23,7,2020
1010,190,31.24,48.772,473.455,957.660,0.000000,0.000000,13,54,52,23,7,2020
1011,192,31.24,48.762,473.882,957.611,0.000000,0.000000,13,54,54,23,7,2020
1012,194,31.25,48.819,473.196,957.690,0.000000,0.000000,13,54,56,23,7,2020
1013,196,31.25,48.774,473.968,957.602,0.000000,0.000000,13,54,58,23,7,2020
1014,199,31.27,48.765,473.326,957.675,0.000000,0.000000,13,55,1,23,7,2020
1015,200,31.27,48.753,473.905,957.609,0.000000,0.000000,13,55,2,23,7,2020
1016,202,31.26,48.729,473.896,957.610,0.000000,0.000000,13,55,4,23,7,2020
1017,205,31.27,48.775,473.442,957.662,0.000000,0.000000,13,55,7,23,7,2020
1018,208,31.27,48.741,473.715,957.631,0.000000,0.000000,13,55,10,23,7,2020
1019,209,31.27,48.696,473.715,957.631,0.000000,0.000000,13,55,11,23,7,2020
1020,210,31.28,48.720,473.643,957.639,0.000000,0.000000,13,55,12,23,7,2020
1021,211,31.28,48.675,473.758,957.626,0.000000,0.000000,13,55,13,23,7,2020
1022,213,31.28,48.766,473.607,957.643,0.000000,0.000000,13,55,15,23,7,2020
1023,217,31.28,48.720,473.563,957.648,0.000000,0.000000,13,55,19,23,7,2020
1024,218,31.28,48.776,473.643,957.639,0.000000,0.000000,13,55,20,23,7,2020
1025,223,31.29,48.710,473.810,957.620,0.000000,0.000000,13,55,25,23,7,2020
1026,224,31.29,48.687,473.847,957.615,0.000000,0.000000,13,55,26,23,7,2020
1027,225,31.29,48.698,473.731,957.629,0.000000,0.000000,13,55,27,23,7,2020
1028,232,31.31,48.688,474.056,957.591,0.000000,0.000000,13,55,34,23,7,2020
1029,234,31.31,48.633,473.634,957.640,0.000000,0.000000,13,55,36,23,7,2020
1030,236,31.32,48.680,473.723,957.630,0.000000,0.000000,13,55,38,23,7,2020
1031,239,31.33,48.646,473.613,957.642,0.000000,0.000000,13,55,41,23,7,2020
1032,241,31.34,48.624,474.084,957.588,0.000000,0.000000,13,55,43,23,7,2020
1033,242,31.34,48.670,474.359,957.557,0.000000,0.000000,13,55,44,23,7,2020
1034,244,31.35,48.603,474.288,957.565,0.000000,0.000000,13,55,46,23,7,2020
1035,245,31.35,48.614,474.061,957.591,0.000000,0.000000,13,55,47,23,7,2020
1036,251,31.37,48.583,473.764,957.625,0.000000,0.000000,13,55,53,23,7,2020
1037,252,31.37,48.583,474.192,957.576,0.000000,0.000000,13,55,54,23,7,2020
1038,254,31.38,48.605,474.351,957.558,0.000000,0.000000,13,55,56,23,7,2020
1039,255,31.37,48.549,474.155,957.580,0.000000,0.000000,13,55,57,23,7,2020
1040,257,31.38,48.538,474.199,957.575,0.000000,0.000000,13,55,59,23,7,2020
1041,264,31.39,48.528,474.285,957.565,0.000000,0.000000,13,56,6,23,7,2020
1042,265,31.39,48.528,473.785,957.622,0.000000,0.000000,13,56,7,23,7,2020
1043,268,31.39,48.517,473.785,957.622,0.000000,0.000000,13,56,10,23,7,2020
1044,269,31.39,48.517,473.750,957.627,0.000000,0.000000,13,56,11,23,7,2020
1045,270,31.40,48.528,474.142,957.582,0.000000,0.000000,13,56,12,23,7,2020
1046,271,31.40,48.506,474.293,957.564,0.000000,0.000000,13,56,13,23,7,2020
1047,273,31.39,48.482,474.561,957.534,0.000000,0.000000,13,56,15,23,7,2020
1048,274,31.39,48.482,474.445,957.547,0.000000,0.000000,13,56,16,23,7,2020
1049,275,31.40,48.551,474.025,957.595,0.000000,0.000000,13,56,17,23,7,2020
1050,277,31.40,48.448,474.142,957.582,0.000000,0.000000,13,56,19,23,7,2020
1051,278,31.40,48.494,474.142,957.582,0.000000,0.000000,13,56,20,23,7,2020
1052,280,31.41,48.483,474.494,957.541,0.000000,0.000000,13,56,22,23,7,2020
1053,291,31.43,48.441,474.321,957.561,0.000000,0.000000,13,56,33,23,7,2020
1054,294,31.43,48.464,474.365,957.556,0.000000,0.000000,13,56,36,23,7,2020
1055,296,31.44,48.454,474.062,957.591,0.000000,0.000000,13,56,38,23,7,2020
1056,297,31.43,48.441,474.248,957.569,0.000000,0.000000,13,56,39,23,7,2020
1057,300,31.44,48.431,473.871,957.564,0.000000,0.000000,13,56,42,23,7,2020
1058,301,31.44,48.465,473.830,957.617,0.000000,0.000000,13,56,43,23,7,2020
1059,304,31.44,48.397,474.026,957.595,0.000000,0.000000,13,56,46,23,7,2020
1060,306,31.44,48.442,474.334,957.560,0.000000,0.000000,13,56,48,23,7,2020
1061,307,31.44,48.420,474.415,957.550,0.000000,0.000000,13,56,49,23,7,2020
1062,308,31.45,48.398,473.915,957.608,0.000000,0.000000,13,56,50,23,7,2020
1063,309,31.44,48.442,474.183,957.577,0.000000,0.000000,13,56,51,23,7,2020
1064,313,31.44,48.477,474.183,957.577,0.000000,0.000000,13,56,55,23,7,2020
1065,315,31.45,48.466,474.075,957.589,0.000000,0.000000,13,56,57,23,7,2020
1066,319,31.45,48.398,473.960,957.602,0.000000,0.000000,13,57,1,23,7,2020
1067,321,31.46,48.399,473.849,957.615,0.000000,0.000000,13,57,3,23,7,2020
1068,322,31.46,48.444,474.235,957.571,0.000000,0.000000,13,57,4,23,7,2020
1069,324,31.46,48.331,474.428,957.549,0.000000,0.000000,13,57,6,23,7,2020
1070,328,31.46,48.422,474.119,957.584,0.000000,0.000000,13,57,10,23,7,2020
1071,330,31.46,48.410,473.887,957.611,0.000000,0.000000,13,57,12,23,7,2020
1072,333,31.46,48.388,474.235,957.571,0.000000,0.000000,13,57,15,23,7,2020
1073,334,31.47,48.411,474.434,957.548,0.000000,0.000000,13,57,16,23,7,2020
1074,335,31.47,48.411,474.086,957.588,0.000000,0.000000,13,57,17,23,7,2020
1075,336,31.47,48.366,474.051,957.592,0.000000,0.000000,13,57,18,23,7,2020
1076,337,31.47,48.389,474.594,957.530,0.000000,0.000000,13,57,19,23,7,2020
1077,339,31.48,48.379,474.447,957.547,0.000000,0.000000,13,57,21,23,7,2020
1078,342,31.49,48.379,474.145,957.581,0.000000,0.000000,13,57,24,23,7,2020
1079,343,31.49,48.312,473.833,957.511,0.000000,0.000000,13,57,25,23,7,2020
1080,346,31.49,48.379,474.224,957.572,0.000000,0.000000,13,57,28,23,7,2020
1081,348,31.48,48.378,474.522,957.538,0.000000,0.000000,13,57,30,23,7,2020
1082,349,31.47,48.400,474.015,957.596,0.000000,0.000000,13,57,31,23,7,2020
1083,350,31.47,48.377,474.015,957.596,0.000000,0.000000,13,57,32,23,7,2020
1084,351,31.48,48.424,474.442,957.547,0.000000,0.000000,13,57,33,23,7,2020
1085,352,31.47,48.400,474.282,957.565,0.000000,0.000000,13,57,34,23,7,2020
1086,354,31.47,48.400,474.015,957.596,0.000000,0.000000,13,57,36,23,7,2020
1087,355,31.48,48.356,474.484,957.542,0.000000,0.000000,13,57,37,23,7,2020
1088,357,31.48,48.390,474.059,957.591,0.000000,0.000000,13,57,39,23,7,2020
1089,358,31.48,48.402,473.673,957.635,0.000000,0.000000,13,57,40,23,7,2020
1090,359,31.48,48.356,473.868,957.613,0.000000,0.000000,13,57,41,23,7,2020
1091,360,31.49,48.413,474.145,957.581,0.000000,0.000000,13,57,42,23,7,2020
1092,361,31.49,48.346,474.572,957.532,0.000000,0.000000,13,57,43,23,7,2020
1093,362,31.50,48.369,474.037,957.594,0.000000,0.000000,13,57,44,23,7,2020
1094,365,31.50,48.357,474.384,957.554,0.000000,0.000000,13,57,47,23,7,2020
1095,367,31.50,48.336,474.194,957.576,0.000000,0.000000,13,57,49,23,7,2020
1096,368,31.51,48.358,474.318,957.561,0.000000,0.000000,13,57,50,23,7,2020
